Nama Perenang:,Phelp
Gaya Renang:,Gaya Bebas
Time:,130526-1844
TimeStamp(s),Force(Kg),Roll(Deg),Pitch(Deg)
7142.47,22.68,15.72,-21.30
7142.57,47.72,-0.64,12.73
7142.67,10.73,-8.11,34.46
7142.77,17.89,19.68,36.77
7142.87,46.83,-4.86,-2.21
7142.97,8.00,-0.35,-5.48
7143.07,5.77,-9.78,15.86
7143.17,47.26,-15.84,6.32
7143.27,46.37,6.98,-23.82
7143.37,29.82,-17.10,-3.68
7143.47,17.25,6.02,28.36
7143.57,0.84,19.00,-9.72
7143.67,3.21,-3.50,0.58
7143.77,7.26,-4.54,1.02
7143.87,3.27,4.29,-21.94
7143.97,46.34,1.92,35.47
7144.07,41.12,-8.19,-18.10
7144.17,32.18,-7.69,5.88
7144.27,10.04,2.84,10.88
7144.37,22.45,-5.86,31.96
7144.47,20.35,-10.10,-15.46
7144.57,32.28,16.74,11.45
7144.67,4.52,16.63,37.63
7144.77,42.48,0.02,0.55
7144.87,40.12,13.48,39.20
7144.97,9.82,6.73,17.03
7145.07,25.49,1.77,-2.41
7145.17,13.51,-6.38,-21.85
7145.27,18.24,-7.87,25.84
7145.37,29.68,-13.58,8.95
7145.47,46.31,-1.29,-34.63
7145.58,2.06,-9.69,-33.85
7145.67,9.78,17.97,-8.29
7145.77,15.93,2.77,4.86
7145.88,3.65,-3.29,26.69
7145.98,3.59,-14.84,25.84
7146.08,16.25,-7.96,29.18
7146.17,1.29,-12.18,21.34
7146.27,46.45,-11.54,17.72
7146.38,38.52,9.11,-35.18
7146.48,20.29,-7.36,3.11
7146.58,26.43,8.06,28.23
7146.67,30.58,-6.69,11.78
7146.77,30.74,-3.16,28.80
7146.88,11.61,19.50,-26.52
7146.98,29.60,19.08,-38.01
7147.08,4.46,0.39,-1.87
7147.17,28.84,-9.31,-37.34
7147.27,29.93,5.29,-17.16
7147.38,27.99,3.65,-7.45
7147.48,26.45,14.78,-21.71
7147.58,41.58,12.19,-38.07
7147.68,8.16,1.43,-37.30
7147.78,10.71,-19.88,4.11
7147.88,1.59,5.27,-38.35
7147.98,3.18,15.87,35.57
7148.08,49.23,15.54,9.89
7148.18,40.93,-12.14,35.32
7148.28,6.61,-0.49,-38.88
7148.38,12.64,-15.10,-38.53
7148.48,26.05,2.71,-32.76
7148.58,30.24,-13.70,-4.80
7148.68,24.67,7.79,14.30
7148.78,24.92,4.90,2.84
7148.88,15.98,16.70,39.52
7148.98,18.40,8.94,6.17
7149.08,3.46,-2.12,38.00
7149.18,11.59,-14.60,-39.52
7149.28,25.07,15.80,38.05
7149.38,2.15,-16.94,-33.44
7149.48,35.76,-10.36,4.66
7149.58,33.45,16.46,30.05
7149.68,3.61,-0.04,5.50
7149.78,21.29,-13.06,-2.51
7149.88,27.08,10.37,31.73
7149.98,49.78,-13.80,22.76
7150.08,12.78,-16.75,-35.09
7150.18,36.13,-6.41,0.66
7150.28,41.55,-18.12,-9.66
7150.38,45.04,4.61,-35.37
7150.48,7.85,-0.78,18.82
7150.58,49.23,6.54,-36.15
7150.68,3.29,2.83,-33.63
7150.78,23.34,-9.96,-34.17
7150.88,39.03,8.29,-18.38
7150.98,25.74,-4.04,-17.49
7151.08,11.18,17.28,3.04
7151.18,4.01,-12.74,-22.10
7151.28,15.08,-3.76,26.15
7151.38,4.69,2.33,-17.80
7151.48,47.50,17.65,36.85
7151.58,5.66,15.41,-35.60
7151.68,20.04,12.93,30.65
7151.78,1.40,7.51,-30.10
7151.88,45.91,9.11,-12.42
7151.98,28.13,10.92,16.28
7152.08,41.90,8.19,2.67
7152.18,13.95,18.88,28.56
7152.28,12.67,9.92,24.69
7152.38,13.44,-16.16,-12.76
7152.48,19.32,-17.93,29.13
7152.58,39.79,-7.14,11.41
7152.68,16.02,-6.40,10.96
7152.78,17.26,13.95,26.25
7152.88,2.86,-14.31,11.32
7152.98,44.19,-18.00,16.74
7153.08,39.76,-3.41,-18.64
7153.18,36.17,-3.69,-23.53
7153.28,44.43,8.11,-29.22
7153.38,28.20,4.99,-6.84
7153.48,6.66,2.54,-35.96
7153.58,8.88,-6.90,22.20
7153.68,30.64,13.03,-21.66
7153.78,46.29,5.03,32.30
7153.88,40.68,-15.89,-17.18
7153.98,13.81,11.84,13.29
7154.08,27.79,10.48,30.59
7154.18,37.52,11.85,-8.12
7154.28,14.14,-0.31,-0.26
7154.38,3.07,10.48,-3.19
7154.48,19.97,-11.79,-19.80
7154.58,22.87,-6.55,25.74
7154.68,20.99,-5.58,9.44
7154.78,2.05,-3.16,24.71
7154.88,5.25,-2.96,32.58
7154.98,18.28,12.01,19.14
7155.08,22.32,7.55,-34.21
7155.18,12.00,-9.93,-14.27
7155.28,27.45,5.09,19.97
7155.38,26.15,10.93,-15.93
7155.48,4.47,-19.98,-9.64
7155.58,41.06,17.45,-20.32
7155.68,14.11,3.37,-26.87
7155.78,17.72,-6.34,20.41
7155.88,17.05,-7.09,32.91
7155.98,5.39,15.58,2.41
7156.08,49.17,7.55,35.56
7156.18,21.76,19.79,-25.32
7156.28,8.33,-19.63,27.29
7156.38,3.75,-5.31,20.25
7156.48,32.05,-19.47,38.49
7156.58,36.28,10.78,27.98
7156.68,6.62,-1.06,34.24
7156.78,10.10,-10.70,38.41
7156.88,31.02,-5.62,35.94
7156.98,10.54,2.09,34.31
7157.08,28.28,8.28,14.96
7157.18,1.02,0.02,-31.68
7157.28,5.60,-0.97,27.23
7157.38,39.49,0.01,39.21
7157.48,49.19,-4.45,-8.11
7157.58,23.78,-15.15,11.49
7157.68,37.10,-9.48,2.88
7157.78,30.88,-14.87,-26.68
7157.88,5.04,9.54,5.94
7157.98,4.24,8.39,-24.43
7158.08,0.95,-1.32,34.62
7158.18,1.12,-11.27,-11.46
7158.28,28.23,-6.13,31.94
7158.38,21.10,-12.06,17.31
7158.48,14.34,6.84,-2.63
7158.58,1.35,14.45,10.32
7158.68,9.92,-18.79,-9.80
7158.78,8.30,-8.47,-10.14
7158.88,0.18,-17.56,38.04
7158.98,26.12,-14.43,21.73
7159.08,36.46,7.87,-28.37
7159.18,41.39,16.13,-14.40
7159.28,10.50,-8.86,-28.94
7159.38,12.60,-6.98,-28.89
7159.48,45.50,1.00,33.92
7159.58,23.31,6.28,2.61
7159.68,18.80,-0.87,26.73
7159.78,44.58,1.91,-0.91
7159.88,30.35,-8.20,-7.22
7159.98,25.37,-14.88,-26.78
7160.08,19.33,-10.62,12.87
7160.18,6.03,-16.65,17.33
7160.28,19.73,-18.38,15.89
7160.38,6.99,-3.06,4.74
7160.48,14.73,8.53,11.36
7160.58,22.59,-19.00,23.01
7160.68,16.11,8.43,15.44
7160.78,43.51,19.02,-11.07
7160.88,43.88,15.56,38.64
7160.98,37.66,-16.91,30.77
7161.08,34.36,-12.17,-23.10
7161.18,20.99,-14.05,-4.33
7161.28,2.36,-2.76,-34.33
7161.38,17.71,16.53,-2.30
7161.48,24.18,17.50,34.87
7161.58,38.04,-9.27,25.23
7161.68,26.43,11.08,11.43
7161.78,11.46,11.45,-13.50
7161.88,6.51,-4.19,4.79
7161.98,31.65,-3.34,35.46
7162.08,21.42,1.46,33.07
7162.18,43.29,-15.11,-22.88
7162.28,1.71,18.03,0.04
7162.38,42.56,12.72,34.70
7162.48,4.85,-9.44,-37.04
7162.58,43.84,-11.45,-7.09
7162.68,30.87,7.35,30.64
7162.78,28.04,13.20,-2.39
7162.88,15.26,18.10,-9.65
7162.98,25.59,13.44,-12.88
7163.08,13.08,11.48,1.06
7163.18,2.31,13.84,-20.57
7163.28,0.32,-2.14,-26.08
7163.38,20.65,1.21,15.85
7163.48,20.11,17.00,26.30
7163.58,24.18,3.02,-18.69
7163.68,16.06,-11.07,22.72
7163.78,4.54,-19.60,23.82
7163.88,20.39,-18.96,-0.51
7163.98,12.96,18.60,31.92
7164.08,14.90,-11.96,-5.53
7164.18,7.85,10.15,-34.11
7164.28,39.75,-17.81,21.33
7164.38,18.65,11.30,-25.32
7164.48,33.75,-14.06,36.24
7164.58,48.03,7.93,-5.22
7164.68,34.96,0.07,-6.64
7164.78,46.18,-5.48,34.41
7164.88,42.46,-5.56,-2.35
7164.98,5.73,5.56,1.80
7165.08,8.97,5.33,-39.07
7165.18,44.21,-8.00,17.20
7165.28,26.30,7.92,-16.18
7165.38,17.69,11.51,3.12
7165.48,3.76,-4.99,31.72
7165.58,23.42,-12.56,38.66
7165.69,49.56,-15.44,-3.73
7165.79,19.08,17.95,10.48
7165.88,11.21,-15.20,30.36
7165.98,19.00,-12.88,4.72
7166.08,8.92,-19.07,-29.45
7166.19,7.15,-10.47,15.17
7166.29,9.04,16.07,-24.84
7166.38,8.74,12.90,-14.98
7166.48,45.10,9.96,25.97
7166.58,3.68,4.05,-15.12
7166.69,0.58,-9.80,27.57
7166.79,30.25,-0.43,-9.01
7166.88,45.98,18.84,-38.76
7166.98,36.22,12.47,14.09
7167.08,15.77,-10.33,-21.64
7167.19,30.58,8.90,31.87
7167.29,49.49,3.67,-8.06
7167.38,13.75,18.83,30.10
7167.48,27.96,5.61,5.49
7167.59,18.09,-10.63,17.99
7167.69,20.88,8.38,-0.83
7167.79,2.49,15.91,24.69
7167.89,15.91,18.28,-7.46
7167.99,44.59,13.83,-28.42
7168.09,40.09,1.72,-16.09
7168.19,47.24,10.70,25.72
7168.29,38.00,-12.35,-24.62
7168.39,24.27,-19.83,20.50
7168.49,28.92,14.38,1.58
7168.59,25.84,3.73,-29.74
7168.69,48.94,-14.22,-9.63
7168.79,42.88,5.49,33.38
7168.89,4.22,0.45,38.58
7168.99,35.02,-6.76,22.04
7169.09,37.07,3.69,-6.00
7169.19,0.30,9.24,2.91
7169.29,19.83,-3.02,-28.52
7169.39,44.42,5.56,1.03
7169.49,32.14,-18.46,-13.44
7169.59,7.95,-19.79,10.39
7169.69,38.13,4.58,-9.36
7169.79,47.46,19.52,-32.28
7169.89,28.34,-0.22,-3.73
7169.99,25.59,2.02,10.64
7170.09,18.47,17.35,-35.01
7170.19,44.57,14.68,24.53
7170.29,30.22,11.49,39.53
7170.39,20.69,-2.03,20.36
7170.49,9.66,10.64,-38.66
7170.59,46.85,-9.98,34.92
7170.69,15.97,17.45,-21.08
7170.79,16.30,1.65,25.11
7170.89,32.17,-10.39,-30.83
7170.99,13.52,-3.69,-39.24
7171.09,12.81,-12.81,-8.79
7171.19,23.94,13.54,1.23
7171.29,22.36,-18.38,-1.00
7171.39,11.99,10.97,-19.70
7171.49,15.42,-17.59,35.40
7171.59,21.21,-8.13,-13.52
7171.69,8.73,2.49,17.55
7171.79,11.12,6.71,-23.17
7171.89,6.02,17.50,-15.66
7171.99,46.45,-7.54,-39.93
7172.09,38.28,-17.09,-26.89
7172.19,18.87,-13.46,35.50
7172.29,47.57,-16.11,-25.02
7172.39,23.49,13.59,-22.33
7172.49,35.03,-2.33,15.60
7172.59,17.07,-7.04,-29.82
7172.69,2.46,9.61,-21.51
7172.79,30.01,17.47,-4.95
7172.89,14.03,4.13,-37.74
7172.99,20.57,-16.74,23.02
7173.09,8.03,4.89,-33.65
7173.19,31.94,19.43,15.03
7173.29,20.75,16.73,-24.02
7173.39,35.44,-0.77,26.17
7173.49,41.69,-5.06,-12.38
7173.59,45.23,-1.86,3.83
7173.69,37.16,7.41,36.87
7173.79,14.33,-17.36,1.81
7173.89,31.38,-8.95,23.60
7173.99,2.50,-10.15,20.33
7174.09,33.23,16.10,-35.15
7174.19,24.79,-6.66,-23.37
7174.29,18.40,-14.85,33.34
7174.39,18.64,19.28,-17.54
7174.49,43.58,5.89,-33.03
7174.59,10.94,8.29,14.06
7174.69,16.21,1.33,23.62
7174.79,16.07,-4.93,-14.20
7174.89,33.97,-17.09,14.05
7174.99,6.17,-13.82,35.31
7175.09,28.92,-13.09,-38.87
7175.19,24.78,6.97,36.94
7175.29,31.37,14.72,-13.02
7175.39,47.81,15.33,-39.00
7175.49,46.83,12.65,10.17
7175.59,42.50,12.12,2.80
7175.69,31.49,12.49,14.39
7175.79,2.08,-8.74,20.23
7175.89,11.59,-18.87,8.36
7175.99,45.66,-1.72,2.01
7176.09,34.53,-4.17,5.00
7176.19,10.61,7.60,18.75
7176.29,48.14,8.47,13.87
7176.39,41.79,3.63,-25.65
7176.49,30.00,-19.56,28.32
7176.59,28.32,-5.40,27.11
7176.69,17.88,11.70,-4.91
7176.79,30.66,17.47,-32.08
7176.89,30.29,-1.45,-17.22
7176.99,45.08,-4.33,32.86
7177.09,0.94,-3.49,-17.38
7177.19,15.77,15.65,35.47
7177.29,1.79,-10.04,7.78
7177.39,13.07,-0.98,-31.70
7177.49,19.65,12.76,-23.62
7177.59,16.55,-18.30,22.08
7177.69,6.87,19.85,21.99
7177.79,35.57,16.00,25.97
7177.89,13.16,0.35,32.16
7177.99,21.91,0.77,6.58
7178.09,44.39,18.73,35.97
7178.19,49.39,-5.87,35.67
7178.29,47.80,-18.19,38.20
7178.39,22.20,-18.82,-12.68
7178.49,3.91,15.52,-14.52
7178.59,3.81,-3.62,35.80
7178.69,42.26,10.45,37.20
7178.79,36.65,3.02,-8.13
7178.89,38.72,-16.28,30.65
7178.99,26.15,16.49,34.30
7179.09,4.26,11.37,24.94
7179.19,41.99,-11.98,-1.56
7179.29,26.19,7.26,4.65
7179.39,40.42,3.37,-30.37
7179.49,40.06,7.29,-19.53
7179.59,44.11,-1.18,37.29
7179.69,22.09,2.44,12.41
7179.79,25.10,-9.46,-31.05
7179.89,41.42,5.09,5.35
7179.99,28.69,-16.25,34.66
7180.09,15.70,-4.99,-10.14
7180.19,27.01,14.59,-32.42
7180.29,36.50,15.92,14.10
7180.39,0.61,16.46,-30.26
7180.49,36.61,16.20,4.27
7180.59,26.68,15.61,18.62
7180.69,36.23,18.68,12.95
7180.79,26.91,-1.66,-21.27
7180.89,0.74,16.15,-17.63
7180.99,16.12,13.44,-10.95
7181.09,8.65,-3.28,21.08
7181.19,13.12,-13.99,9.69
7181.29,20.65,-6.80,19.12
7181.39,37.45,18.00,34.60
7181.49,40.41,14.37,-26.07
7181.59,0.04,-11.67,-23.26
7181.69,40.37,-15.07,17.27
7181.79,32.89,-6.72,3.95
7181.89,48.67,9.44,-10.17
7181.99,14.28,14.10,35.90
7182.09,19.71,4.00,22.85
7182.19,47.16,-13.30,32.57
7182.29,23.27,-5.42,15.62
7182.39,1.30,17.77,21.11
7182.49,41.47,-10.43,36.01
7182.59,37.01,12.60,1.03
7182.69,29.69,-3.13,-11.28
7182.79,35.97,-2.30,-22.37
7182.89,27.67,8.60,31.22
7182.99,14.47,-19.03,23.70
7183.09,0.39,11.15,35.09
7183.19,41.17,-17.50,33.07
7183.29,14.40,-4.36,-24.24
7183.39,31.04,-16.35,-28.12
7183.49,27.86,-13.70,-1.98
7183.59,1.75,-8.88,-29.76
7183.69,3.49,-15.70,-37.78
7183.79,11.21,-19.20,-36.19
7183.89,10.15,-7.97,-17.61
7183.99,14.81,5.05,-18.18
7184.09,39.78,16.16,-4.57
7184.19,1.04,2.68,-19.15
7184.29,8.37,-17.85,-37.87
7184.39,34.69,-1.80,-9.69
7184.49,48.17,7.97,18.66
7184.59,30.10,-9.47,27.46
7184.69,16.13,-8.09,19.45
7184.79,17.25,12.89,-7.68
7184.89,21.26,-14.98,36.83
7184.99,17.14,0.29,-3.21
7185.09,44.18,-14.13,-30.98
7185.19,2.17,0.44,-26.47
7185.29,38.08,14.44,18.84
7185.39,30.17,-11.93,-16.93
7185.49,7.57,-8.96,-38.17
7185.60,2.38,-7.36,-18.95
7185.69,11.10,8.18,-33.74
7185.79,33.27,12.82,33.11
7185.90,37.67,-10.70,13.16
7186.00,21.24,-18.80,-17.56
7186.10,29.57,-12.88,-38.82
7186.19,34.76,-3.54,6.69
7186.29,19.20,17.52,12.14
7186.40,21.77,-15.19,-13.08
7186.50,28.65,7.40,-37.22
7186.60,33.07,13.93,6.73
7186.69,20.12,-14.66,-3.38
7186.79,16.66,-5.20,-17.65
7186.90,0.84,-14.02,20.52
7187.00,26.74,-7.80,-4.10
7187.10,1.23,-17.53,10.32
7187.19,14.31,-5.35,30.25
7187.29,33.93,-19.64,-24.44
7187.40,43.65,-6.39,12.42
7187.50,11.96,14.58,4.28
7187.60,0.40,18.37,12.06
7187.70,29.46,-19.82,14.95
7187.80,13.71,-18.92,-18.62
7187.90,27.66,-11.69,18.16
7188.00,34.46,11.51,-35.11
7188.10,17.99,-2.22,-35.55
7188.20,15.70,16.53,-38.18
7188.30,42.99,10.06,8.16
7188.40,27.51,-13.26,39.96
7188.50,6.57,-16.43,12.32
7188.60,44.61,-10.33,2.21
7188.70,25.66,-11.97,-15.21
7188.80,39.27,12.38,-18.58
7188.90,31.96,12.72,-31.19
7189.00,35.02,-6.11,-4.23
7189.10,13.03,9.03,-30.71
7189.20,27.90,-16.61,-30.13
7189.30,31.27,-19.19,11.23
7189.40,36.69,11.43,31.30
7189.50,9.36,15.88,-33.15
7189.60,39.66,-19.71,-34.15
7189.70,45.18,-2.06,-15.98
7189.80,11.32,12.03,-17.04
7189.90,3.04,-17.13,-15.96
7190.00,39.59,-13.77,-29.09
7190.10,17.29,17.43,-10.01
7190.20,46.86,1.18,-12.74
7190.30,33.83,-0.33,30.64
7190.40,31.75,-13.61,18.97
7190.50,25.41,-0.05,-34.48
7190.60,32.03,4.13,-20.25
7190.70,11.47,-12.25,9.06
7190.80,49.75,13.62,-9.26
7190.90,16.49,-11.35,14.31
7191.00,42.81,-14.71,-11.91
7191.10,32.62,18.53,24.07
7191.20,21.50,-14.32,-39.59
7191.30,41.31,-15.54,-26.69
7191.40,40.08,-8.26,-34.96
7191.50,1.03,17.10,-14.81
7191.60,42.70,-14.85,-29.70
7191.70,49.07,-3.37,16.88
7191.80,26.83,19.12,-29.03
7191.90,23.95,-17.14,38.25
7192.00,42.89,-4.03,27.15
7192.10,9.82,9.56,25.67
7192.20,24.93,-8.15,24.78
7192.30,30.41,-2.96,-1.59
7192.40,4.08,1.07,-33.22
7192.50,35.18,-10.33,37.15
7192.60,15.53,-9.39,-17.09
7192.70,48.22,1.47,-8.38
7192.80,30.88,9.73,-38.86
7192.90,4.04,1.88,-11.22
7193.00,32.30,-7.66,2.01
7193.10,26.62,10.01,-35.98
7193.20,46.32,-1.12,34.36
7193.30,4.78,6.22,-30.63
7193.40,20.55,18.27,9.87
7193.50,27.15,-16.28,-21.86
7193.60,0.32,-4.62,9.35
7193.70,1.33,3.71,0.18
7193.80,49.87,13.41,10.85
7193.90,43.26,1.37,-3.31
7194.00,43.79,12.20,-12.12
7194.10,25.57,5.15,-25.26
7194.20,0.53,15.56,-21.22
7194.30,0.43,-2.78,21.75
7194.40,39.63,-12.85,33.41
7194.50,45.75,-8.71,23.30
7194.60,38.27,18.71,-35.68
7194.70,8.80,-15.49,-39.79
7194.80,13.63,0.01,17.55
7194.90,7.15,8.42,-16.40
7195.00,1.69,18.27,17.14
7195.10,23.97,-15.15,-13.71
7195.20,13.84,7.46,-27.72
7195.30,36.44,-17.91,6.79
7195.40,36.67,7.62,8.41
7195.50,23.43,-13.88,-23.03
7195.60,17.70,-13.33,-38.50
7195.70,31.78,-2.97,-17.17
7195.80,44.88,8.66,-16.25
7195.90,38.67,9.74,-17.33
7196.00,21.88,-13.37,38.90
7196.10,39.77,-16.10,20.08
7196.20,43.84,13.60,32.18
7196.30,16.54,-8.52,34.33
7196.40,36.72,18.12,-17.70
7196.50,43.85,-0.27,-10.49
7196.60,15.49,-1.77,-9.88
7196.70,43.66,-1.91,-39.21
7196.80,2.26,-0.62,-16.14
7196.90,3.63,-12.37,24.12
7197.00,3.89,-0.55,34.10
7197.10,27.66,-19.15,-4.37
7197.20,14.98,6.13,-19.38
7197.30,39.15,-15.14,-38.11
7197.40,6.02,-19.66,-2.48
7197.50,0.07,0.46,-34.70
7197.60,26.38,1.54,37.93
7197.70,35.29,18.03,-7.03
7197.80,37.97,-6.33,-7.21
7197.90,28.42,-14.75,-39.61
7198.00,44.67,3.90,-37.19
7198.10,6.09,10.90,-16.41
7198.20,27.59,3.65,-10.45
7198.30,31.66,-18.01,13.37
7198.40,36.15,13.28,-39.67
7198.50,29.49,-2.83,29.72
7198.60,39.55,-10.26,33.36
7198.70,44.23,16.94,-5.45
7198.80,13.86,17.84,28.27
7198.90,49.24,-6.30,24.19
7199.00,9.03,10.77,23.62
7199.10,23.15,11.69,-8.16
7199.20,19.12,0.57,29.61
7199.30,39.91,-10.43,2.89
7199.40,47.37,2.69,-14.57
7199.50,27.78,14.12,16.56
7199.60,48.03,-14.75,-13.72
7199.70,44.22,7.31,-2.61
7199.80,20.03,-5.76,32.73
7199.90,41.12,-12.03,-5.00
7200.00,5.84,-19.92,7.82
7200.10,30.87,19.75,-34.83
7200.20,3.38,5.61,23.33
7200.30,27.98,19.49,13.53
7200.40,2.28,-14.88,9.83
7200.50,38.25,19.83,-39.51
7200.60,42.12,-5.74,1.79
7200.70,1.28,11.75,-19.16
7200.80,41.65,-5.70,27.72
7200.90,34.38,-3.86,38.34
7201.00,29.35,18.11,20.33
7201.10,17.57,5.07,13.88
7201.20,13.50,18.88,20.26
7201.30,24.71,8.11,32.59
7201.40,37.55,-0.41,21.02
7201.50,45.90,-8.34,32.02
7201.60,33.38,-15.98,-8.92
7201.70,15.74,-11.75,23.62
7201.80,39.81,-9.48,12.71
7201.90,9.98,17.20,-11.65
7202.00,47.81,-11.60,2.01
7202.10,30.40,8.25,23.28
7202.20,29.54,8.62,21.70
7202.30,42.10,4.89,38.71
7202.40,37.89,16.53,7.02
7202.50,3.30,12.49,18.01
7202.60,33.63,2.74,-25.97
7202.70,45.00,-4.99,31.68
7202.80,34.82,-4.15,19.16
7202.90,19.90,1.27,0.91
7203.00,49.93,-16.72,4.69
7203.10,39.53,19.22,-8.96
7203.20,37.69,5.96,-7.22
7203.30,32.28,5.81,28.13
7203.40,0.09,-14.86,8.91
7203.50,32.90,-4.01,7.06
7203.60,44.12,-1.67,8.46
7203.70,44.67,14.89,20.03
7203.80,35.40,1.55,10.93
7203.90,30.59,-19.60,24.57
7204.00,14.22,-6.25,-1.83
7204.10,0.28,-13.95,-36.46
7204.20,44.99,-18.97,-31.81
7204.30,21.45,-5.95,-18.77
7204.40,10.95,-19.26,0.42
7204.50,0.33,-5.37,-9.74
7204.60,11.58,-11.07,-8.26
7204.70,48.16,1.36,-37.91
7204.80,9.79,-6.41,-1.67
7204.90,21.82,10.65,-18.36
7205.00,7.37,2.01,-8.41
7205.10,42.71,-8.81,-33.41
7205.20,34.77,16.47,-8.55
7205.30,48.97,5.31,2.69
7205.40,22.08,11.87,14.29
7205.50,36.12,-5.82,-21.41
7205.60,37.94,-3.40,-5.91
7205.71,2.41,3.79,39.55
7205.81,22.65,2.88,-0.05
7205.90,42.82,-7.52,11.27
7206.00,32.35,18.68,22.80
7206.10,6.23,-7.30,25.71
7206.21,29.87,-1.94,-7.17
7206.31,24.24,9.47,22.98
7206.40,15.24,-3.28,30.30
7206.50,45.66,-17.95,-34.41
7206.60,23.22,5.25,15.03
7206.71,45.83,-4.72,36.98
7206.81,49.96,-18.85,-10.29
7206.90,6.40,-18.21,-24.96
7207.00,40.27,0.19,-31.60
7207.10,2.70,2.12,-38.65
7207.21,1.49,11.04,15.82
7207.31,19.76,-12.22,7.27
7207.40,32.10,-1.08,-19.81
7207.50,45.96,-1.04,-35.77
7207.61,34.17,1.24,4.49
7207.71,13.12,-5.31,-32.95
7207.81,3.50,-5.48,-6.51
7207.91,42.32,1.39,37.19
7208.01,27.39,15.97,4.09
7208.11,22.30,-13.01,-23.14
7208.21,30.89,10.17,-16.74
7208.31,35.52,-2.35,-6.58
7208.41,31.35,-19.00,16.14
7208.51,24.70,11.33,-20.41
7208.61,44.11,-3.72,-25.73
7208.71,33.88,-5.64,4.18
7208.81,13.26,-10.54,12.63
7208.91,48.96,-1.41,24.12
7209.01,31.35,-4.46,27.02
7209.11,40.35,-13.53,-10.41
7209.21,4.42,18.11,-5.31
7209.31,16.01,-8.98,-4.47
7209.41,47.15,16.45,39.37
7209.51,17.54,-0.02,4.52
7209.61,42.59,11.81,-5.38
7209.71,48.91,0.45,-37.33
7209.81,46.57,-8.05,-26.33
7209.91,28.88,-7.48,4.73
7210.01,18.94,1.02,22.79
7210.11,18.56,16.30,-8.66
7210.21,14.48,16.57,5.33
7210.31,43.28,1.55,-28.87
7210.41,26.04,15.98,-8.24
7210.51,42.35,-12.36,15.42
7210.61,28.68,2.82,-10.61
7210.71,10.52,14.53,-3.32
7210.81,9.71,-13.28,11.74
7210.91,34.01,-0.09,32.97
7211.01,44.78,3.36,-22.91
7211.11,31.61,9.50,-35.16
7211.21,17.06,-3.66,27.78
7211.31,47.03,3.94,28.46
7211.41,29.34,-4.87,18.49
7211.51,26.53,17.36,-26.66
7211.61,24.92,5.08,10.47
7211.71,28.81,1.02,27.67
7211.81,13.00,-7.14,-4.49
7211.91,21.24,-0.52,-27.22
7212.01,5.96,13.76,-34.86
7212.11,2.37,-14.90,3.31
7212.21,18.61,-6.75,2.83
7212.31,31.33,-5.49,-19.83
7212.41,49.41,11.66,-17.72
7212.51,3.72,-15.91,-19.99
7212.61,46.11,19.47,-3.48
7212.71,34.52,16.13,-36.17
7212.81,42.83,3.24,9.95
7212.91,49.74,-15.93,25.17
7213.01,32.67,-2.85,-14.69
7213.11,11.45,-16.19,-5.19
7213.21,20.48,-5.74,-29.54
7213.31,17.88,1.34,-22.54
7213.41,45.02,14.08,7.97
7213.51,14.66,-18.82,-33.97
7213.61,14.03,18.57,-28.10
7213.71,37.39,-4.50,-3.66
7213.81,28.62,11.96,-28.39
7213.91,30.61,-1.78,-9.22
7214.01,7.48,-3.90,-6.86
7214.11,42.86,-7.75,29.56
7214.21,44.98,8.54,-37.41
7214.31,38.04,8.98,-20.30
7214.41,26.52,-3.21,-16.10
7214.51,11.84,-10.27,39.49
7214.61,39.87,-5.60,-21.14
7214.71,26.61,-13.85,-5.17
7214.81,26.03,6.97,17.38
7214.91,31.34,15.15,-31.16
7215.01,21.77,0.68,-19.62
7215.11,43.84,-11.50,-0.84
7215.21,32.04,-8.34,-33.49
7215.31,43.07,11.99,-21.47
7215.41,33.04,17.90,-5.56
7215.51,31.07,5.91,28.88
7215.61,29.33,-7.67,4.44
7215.71,49.72,-17.84,-2.01
7215.81,17.96,2.13,39.66
7215.91,3.93,-10.41,31.60
7216.01,22.06,-8.64,38.39
7216.11,49.75,14.82,-9.57
7216.21,22.40,1.91,-32.04
7216.31,11.41,-0.34,24.63
7216.41,22.50,-5.46,9.23
7216.51,29.40,-12.27,-5.15
7216.61,7.11,14.42,-13.20
7216.71,4.86,0.72,-14.63
7216.81,33.04,19.86,-15.95
7216.91,22.18,-9.67,-9.47
7217.01,25.29,15.78,6.01
7217.11,29.19,14.97,-35.10
7217.21,3.13,6.85,-1.42
7217.31,46.46,-5.30,30.53
7217.41,14.43,17.02,26.84
7217.51,19.66,-2.20,-35.38
7217.61,21.34,17.68,7.49
7217.71,46.64,4.71,-9.66
7217.81,9.37,14.63,-11.38
7217.91,24.71,-9.84,37.00
7218.01,12.81,-0.01,-38.31
7218.11,9.39,19.49,-31.69
7218.21,17.03,12.33,31.45
7218.31,20.54,2.56,19.47
7218.41,38.66,12.94,-9.18
7218.51,45.73,-14.68,8.30
7218.61,27.63,-16.63,18.60
7218.71,49.87,8.34,-28.03
7218.81,17.81,-9.45,34.91
7218.91,25.40,-7.97,19.75
7219.01,33.04,-10.31,11.27
7219.11,20.57,-17.30,5.71
7219.21,7.55,16.76,34.54
7219.31,40.32,13.18,21.07
7219.41,0.21,-10.12,9.67
7219.51,11.49,18.65,-39.73
7219.61,12.01,16.83,18.89
7219.71,8.01,-12.21,13.29
7219.81,6.38,-1.17,20.27
7219.91,7.16,-12.62,32.80
7220.01,2.92,-14.18,22.50
7220.11,27.17,1.48,-12.56
7220.21,1.62,10.60,33.77
7220.31,5.79,8.46,-5.58
7220.41,24.78,-18.60,-10.73
7220.51,18.03,-7.92,18.37
7220.61,47.40,-12.76,-7.02
7220.71,16.44,4.15,-39.26
7220.81,49.17,-10.80,38.98
7220.91,26.63,18.52,38.54
7221.01,48.42,-14.97,-39.03
7221.11,19.91,2.35,-39.34
7221.21,5.51,-9.76,3.25
7221.31,32.05,-14.83,19.89
7221.41,0.76,17.56,-25.08
7221.51,28.45,6.40,13.77
7221.61,0.14,13.67,-31.75
7221.71,15.69,18.07,-12.24
7221.81,18.90,0.98,-7.75
7221.91,34.61,-1.55,-3.64
7222.01,28.78,-15.13,31.00
7222.11,13.89,18.03,34.88
7222.21,11.02,-9.72,-13.13
7222.31,17.20,-1.93,24.02
7222.41,15.91,15.02,30.72
7222.51,26.87,10.86,27.13
7222.61,30.03,13.97,36.74
7222.71,0.00,3.38,9.82
7222.81,19.44,19.67,-21.62
7222.91,36.94,4.68,-2.21
7223.01,16.84,-14.17,-30.90
7223.11,11.56,2.55,1.49
7223.21,0.19,3.75,-32.38
7223.31,22.75,-7.12,8.60
7223.41,36.92,11.62,-2.79
7223.51,15.12,-11.05,-6.88
7223.61,18.15,-8.99,10.74
7223.71,19.54,-5.39,-10.88
7223.81,29.22,15.72,-16.26
7223.91,3.67,-10.84,36.64
7224.01,6.29,16.04,-16.51
7224.11,18.12,-4.68,-23.75
7224.21,34.99,-7.07,15.39
7224.31,21.23,5.65,-28.56
7224.41,43.94,15.78,28.84
7224.51,21.74,18.76,15.60
7224.61,26.79,-19.40,39.84
7224.71,20.63,-9.53,-15.90
7224.81,38.06,-15.18,-17.94
7224.91,5.69,-5.05,-0.13
7225.01,43.91,-4.59,22.79
7225.11,46.66,15.55,36.51
7225.21,12.36,16.07,-24.14
7225.31,20.31,16.46,4.61
7225.41,48.72,18.77,-3.49
7225.51,34.40,6.02,-36.88
7225.62,46.13,3.39,30.78
7225.71,33.01,-2.17,-1.29
7225.81,13.79,0.92,-39.39
7225.92,34.11,9.39,11.36
7226.02,11.77,-9.37,15.82
7226.12,44.30,2.80,-5.86
7226.21,41.49,-18.42,18.49
7226.31,17.47,9.95,28.12
7226.42,25.75,6.26,-20.65
7226.52,28.08,14.29,15.56
7226.62,4.73,14.67,-39.27
7226.71,0.07,7.68,25.01
7226.81,41.64,-8.04,15.65
7226.92,38.41,-2.44,25.41
7227.02,41.04,6.87,31.91
7227.12,35.16,0.59,-33.66
7227.21,49.29,8.80,22.35
7227.31,13.31,-2.44,-37.70
7227.42,16.77,-2.52,30.07
7227.52,39.81,-0.67,30.68
7227.62,37.02,-15.39,28.83
7227.72,30.60,-8.52,1.50
7227.82,44.50,-3.74,5.53
7227.92,25.15,-3.31,-22.99
7228.02,16.37,16.48,-11.59
7228.12,39.78,-13.14,-21.96
7228.22,43.34,18.90,15.07
7228.32,30.09,14.62,-9.18
7228.42,28.44,11.69,11.37
7228.52,18.72,-0.10,-24.51
7228.62,14.06,19.01,-37.44
7228.72,6.81,18.28,18.35
7228.82,9.05,4.39,-7.99
7228.92,12.63,-14.40,0.32
7229.02,48.25,-8.85,-28.35
7229.12,8.86,4.16,-32.32
7229.22,23.76,3.94,6.86
7229.32,25.68,-18.27,-22.07
7229.42,44.22,8.79,-22.27
7229.52,47.30,6.59,6.86
7229.62,23.20,-7.53,-24.65
7229.72,3.38,10.77,28.85
7229.82,8.77,4.96,-1.06
7229.92,43.63,0.06,-9.62
7230.02,17.01,-2.63,30.74
7230.12,20.77,10.03,2.01
7230.22,7.82,-8.89,33.40
7230.32,23.76,-18.52,22.72
7230.42,48.25,2.76,21.86
7230.52,37.61,-4.34,3.04
7230.62,20.38,-10.51,-5.28
7230.72,38.77,15.04,24.23
7230.82,33.67,8.42,-1.79
7230.92,47.35,-6.93,27.13
7231.02,28.39,-17.30,-5.75
7231.12,28.12,-14.24,17.24
7231.22,21.56,18.50,17.88
7231.32,7.40,-11.24,23.76
7231.42,24.14,-19.61,-10.67
7231.52,8.15,11.69,-21.19
7231.62,7.39,18.04,-21.23
7231.72,28.20,10.18,-23.13
7231.82,21.14,-15.82,33.63
7231.92,25.18,-18.79,34.02
7232.02,27.69,14.73,-4.52
7232.12,18.17,2.50,-12.00
7232.22,47.94,-4.85,25.09
7232.32,19.22,10.03,6.62
7232.42,27.31,-2.09,3.05
7232.52,31.04,7.07,-29.76
7232.62,3.06,-15.50,22.07
7232.72,38.79,12.17,8.43
7232.82,7.22,-11.47,22.24
7232.92,1.66,-12.24,38.66
7233.02,11.33,-12.45,36.53
7233.12,34.46,11.41,-10.87
7233.22,41.51,4.08,-18.51
7233.32,46.05,-4.27,-37.90
7233.42,14.84,7.16,-12.23
7233.52,44.65,7.78,-0.48
7233.62,20.10,16.12,-24.18
7233.72,41.32,-0.53,-20.13
7233.82,22.19,18.95,-1.14
7233.92,16.40,7.85,8.62
7234.02,10.40,13.63,21.22
7234.12,36.20,-14.85,19.33
7234.22,19.69,11.86,-14.47
7234.32,43.38,-0.98,-31.30
7234.42,43.51,-10.19,14.93
7234.52,1.30,-2.37,-25.20
7234.62,41.83,-1.09,-2.88
7234.72,16.54,-15.24,-26.29
7234.82,40.06,-5.37,-2.36
7234.92,28.21,-12.95,14.47
7235.02,42.80,6.50,12.13
7235.12,23.22,4.07,7.42
7235.22,5.28,-14.71,9.89
7235.32,45.41,8.75,-32.83
7235.42,10.83,-7.57,-36.54
7235.52,33.38,-19.32,15.60
7235.62,20.23,5.49,12.56
7235.72,36.38,-19.06,5.14
7235.82,21.18,-14.81,-9.20
7235.92,5.75,10.12,-3.34
7236.02,10.96,-14.98,-37.80
7236.12,11.58,17.54,36.04
7236.22,23.28,-16.81,22.19
7236.32,6.11,18.85,29.73
7236.42,17.85,18.49,-26.57
7236.52,7.72,-15.53,-24.98
7236.62,17.35,-12.64,-6.18
7236.72,27.56,19.99,25.89
7236.82,26.12,-1.98,-9.75
7236.92,31.30,10.43,5.35
7237.02,43.50,13.85,20.11
7237.12,12.01,19.11,36.15
7237.22,40.59,-10.24,-29.12
7237.32,45.28,-0.19,12.09
7237.42,44.70,8.11,30.29
7237.52,24.69,12.39,16.69
7237.62,20.29,18.22,-27.31
7237.72,7.23,-11.75,38.87
7237.82,2.19,14.30,17.62
7237.92,47.16,-9.87,-16.04
7238.02,20.96,-10.89,-20.61
7238.12,36.58,13.46,-22.72
7238.22,14.21,-2.60,-25.86
7238.32,10.42,-3.42,20.31
7238.42,2.01,-11.13,21.16
7238.52,21.93,-6.82,-4.63
7238.62,19.32,18.02,-19.30
7238.72,30.94,-17.86,-35.91
7238.82,31.28,8.06,-17.10
7238.92,19.41,-17.93,-16.30
7239.02,44.16,9.49,20.21
7239.12,39.93,-13.67,15.56
7239.22,42.20,-9.26,10.34
7239.32,37.98,-4.42,-33.62
7239.42,36.46,-13.55,-34.56
7239.52,36.38,6.25,-28.63
7239.62,36.88,10.77,-9.71
7239.72,20.15,-0.67,11.45
7239.82,45.36,-13.73,34.67
7239.92,43.37,-9.86,32.60
7240.02,43.22,5.41,-18.38
7240.12,8.74,3.43,-27.59
7240.22,16.81,15.98,-19.95
7240.32,29.84,-2.56,-21.19
7240.42,23.11,17.25,35.20
7240.52,22.08,-15.39,-2.43
7240.62,49.26,5.05,-26.84
7240.72,18.07,11.22,-28.04
7240.82,34.58,8.62,37.66
7240.92,33.30,3.63,-6.51
7241.02,18.70,13.41,-36.32
7241.12,10.42,3.29,1.54
7241.22,2.30,-17.19,21.44
7241.32,34.74,10.84,-28.24
7241.42,11.49,-7.10,-33.80
7241.52,10.57,-16.27,-25.74
7241.62,30.03,-9.12,-38.85
7241.72,29.11,14.08,-7.42
7241.82,40.81,18.61,-16.23
7241.92,18.71,6.13,-29.51
7242.02,49.18,8.80,-1.81
7242.12,13.49,-10.38,32.61
7242.22,14.79,0.63,-18.98
7242.32,45.10,-1.50,33.20
7242.42,32.38,-7.89,-24.05
7242.52,1.93,15.41,-21.04
7242.62,9.73,4.11,-34.37
7242.72,2.43,-19.58,-22.09
7242.82,15.11,4.03,1.93
7242.92,25.20,-1.29,9.61
7243.02,4.95,-7.33,35.49
7243.12,14.83,-8.34,-29.95
7243.22,17.57,12.09,-18.25
7243.32,46.00,19.15,33.03
7243.42,9.15,-10.29,-23.16
7243.52,6.27,14.37,38.62
7243.62,2.40,-8.12,27.48
7243.72,4.40,-13.11,-24.73
7243.82,24.32,-9.08,-36.11
7243.92,2.11,-4.39,18.25
7244.02,49.69,-17.21,-6.51
7244.12,39.19,-12.64,-35.84
7244.22,41.93,-4.20,14.83
7244.32,23.30,-6.32,23.13
7244.42,32.98,14.95,-29.80
7244.52,2.87,-15.02,-22.11
7244.62,9.02,-5.48,23.33
7244.72,40.64,-10.50,5.23
7244.82,23.09,-19.41,-37.87
7244.92,1.92,-4.72,-24.14
7245.02,14.77,1.51,28.42
7245.12,16.05,9.12,2.25
7245.22,1.49,16.00,-6.87
7245.32,17.06,15.51,22.93
7245.42,22.63,-17.79,-3.38
7245.52,49.03,13.85,-39.79
7245.62,16.63,-7.11,-28.94
7245.73,4.20,-9.81,-35.46
7245.83,14.20,-7.46,-0.45
7245.92,22.17,-10.30,-38.80
7246.02,19.84,-13.23,12.46
7246.12,5.63,0.41,10.53
7246.23,20.67,12.29,29.47
7246.33,19.43,-18.09,-11.16
7246.42,49.53,4.30,-10.19
7246.52,28.59,-16.17,15.07
7246.62,47.95,-18.08,15.34
7246.73,43.29,0.18,30.61
7246.83,8.68,-14.93,23.57
7246.92,16.33,-12.09,-37.79
7247.02,8.43,-3.89,-19.13
7247.12,41.92,-9.94,2.54
7247.23,20.44,-8.70,-4.14
7247.33,18.93,15.29,-16.06
7247.42,31.29,-13.99,0.53
7247.52,49.00,15.89,17.97
7247.63,4.66,-10.87,34.47
7247.73,26.41,-14.24,31.88
7247.83,27.13,-14.40,5.89
7247.93,37.16,-13.97,19.95
7248.03,9.28,4.85,23.92
7248.13,8.40,-14.01,-8.68
7248.23,5.92,-12.20,21.87
7248.33,17.65,1.31,36.99
7248.43,20.11,-4.44,24.42
7248.53,6.33,-11.22,17.83
7248.63,44.91,16.78,12.46
7248.73,40.04,-17.65,-29.37
7248.83,32.41,-19.46,-7.61
7248.93,48.61,8.21,-4.34
7249.03,15.66,8.02,20.77
7249.13,21.48,-1.71,-36.37
7249.23,38.42,-16.80,-32.77
7249.33,18.47,7.15,-39.47
7249.43,25.28,-9.25,25.88
7249.53,13.12,15.97,-36.99
7249.63,7.30,5.43,-5.83
7249.73,3.34,6.33,-1.14
7249.83,16.99,18.18,10.18
7249.93,18.99,-18.41,12.31
7250.03,36.11,-5.68,-20.40
7250.13,3.55,-12.17,26.97
7250.23,4.18,-6.82,-36.78
7250.33,12.88,13.54,-14.09
7250.43,14.13,6.21,2.13
7250.53,10.39,19.31,18.18
7250.63,36.31,12.52,-18.12
7250.73,20.38,-19.40,-33.71
7250.83,42.17,-7.14,-33.22
7250.93,4.05,-0.34,24.92
7251.03,24.37,-12.10,34.86
7251.13,8.64,-7.99,25.78
7251.23,36.84,5.67,-3.26
7251.33,32.77,-2.34,39.96
7251.43,43.15,0.95,16.41
7251.53,32.95,8.97,14.73
7251.63,2.32,11.35,13.79
7251.73,3.65,4.55,-38.50
7251.83,49.68,-8.69,39.38
7251.93,41.58,10.04,8.48
7252.03,34.18,-10.27,29.57
7252.13,6.42,11.26,-23.52
7252.23,47.28,14.17,30.13
7252.33,44.59,-19.53,-36.08
7252.43,29.41,-7.67,1.83
7252.53,23.44,15.48,-0.28
7252.63,24.64,-14.69,-32.97
7252.73,34.33,-12.58,-39.19
7252.83,1.92,-11.41,-35.89
7252.93,32.41,13.70,8.17
7253.03,48.47,0.60,15.78
7253.13,24.99,-15.81,27.64
7253.23,28.61,-4.87,35.31
7253.33,47.32,-7.97,9.18
7253.43,36.52,9.78,-23.36
7253.53,17.96,3.37,-25.21
7253.63,14.43,13.26,13.25
7253.73,19.00,-4.56,-36.31
7253.83,18.47,-17.44,14.25
7253.93,23.59,-12.19,-29.99
7254.03,4.34,14.25,-10.18
7254.13,25.94,-15.74,-14.94
7254.23,39.36,-3.77,-22.29
7254.33,40.50,-12.78,-7.52
7254.43,6.48,-11.65,38.05
7254.53,31.18,13.77,3.02
7254.63,41.70,-4.21,39.52
7254.73,23.74,-17.31,-38.99
7254.83,49.46,-19.77,-17.74
7254.93,32.59,-11.63,-32.39
7255.03,16.32,-11.68,15.95
7255.13,11.98,11.44,15.62
7255.23,15.13,-4.98,-24.53
7255.33,47.35,-0.82,-9.63
7255.43,28.48,-4.80,-28.63
7255.53,24.71,16.68,22.11
7255.63,0.89,-17.53,-36.94
7255.73,39.91,-0.96,-21.62
7255.83,14.90,-6.79,18.50
7255.93,37.13,18.06,-25.46
7256.03,31.79,5.65,8.57
7256.13,39.05,13.58,-24.87
7256.23,46.99,-0.46,18.17
7256.33,6.94,8.02,-29.94
7256.43,9.87,-1.88,26.51
7256.53,0.22,11.00,6.86
7256.63,47.04,5.12,-22.57
7256.73,48.74,-6.11,-28.79
7256.83,23.92,5.19,-31.99
7256.93,24.88,-3.00,11.37
7257.03,29.42,-16.79,13.40
7257.13,17.06,-1.46,-15.32
7257.23,15.14,-14.12,5.11
7257.33,23.93,0.14,-22.76
7257.43,31.88,-11.14,-38.43
7257.53,26.58,-11.53,-27.95
7257.63,32.56,-5.00,28.17
7257.73,36.61,-11.67,-23.73
7257.83,12.19,5.99,27.89
7257.93,16.65,7.58,-19.32
7258.03,43.13,-18.43,-31.04
7258.13,29.80,-19.88,-0.92
7258.23,43.86,4.93,-21.47
7258.33,43.88,17.92,10.37
7258.43,0.58,-4.85,-29.84
7258.53,28.26,16.06,1.39
7258.63,45.88,-3.22,9.61
7258.73,35.03,7.80,7.76
7258.83,47.63,-9.28,-25.49
7258.93,13.66,-2.47,21.36
7259.03,41.12,-0.32,3.77
7259.13,39.30,17.29,-5.27
7259.23,4.48,17.96,-33.55
7259.33,36.80,8.50,24.67
7259.43,14.20,-3.01,25.24
7259.53,15.79,-13.80,-22.37
7259.63,19.09,-9.25,23.83
7259.73,5.11,17.56,-12.95
7259.83,7.55,-8.13,-5.99
7259.93,2.59,12.02,6.06
7260.03,33.62,10.03,10.21
7260.13,36.42,-7.65,-37.07
7260.23,20.43,3.47,10.42
7260.33,24.01,-15.52,5.91
7260.43,20.02,4.49,33.40
7260.53,23.15,8.12,28.59
7260.63,10.94,2.29,24.15
7260.73,3.02,18.05,-19.65
7260.83,14.48,-9.04,-4.23
7260.93,40.46,7.14,-26.81
7261.03,10.69,-3.62,21.60
7261.13,10.70,8.90,-6.01
7261.23,10.61,14.13,-32.39
7261.33,41.06,-18.59,19.91
7261.43,6.07,-5.86,-0.19
7261.53,44.17,0.77,-31.34
7261.63,22.59,1.96,13.23
7261.73,30.77,-13.46,16.99
7261.83,14.59,19.57,-22.32
7261.93,41.61,1.35,12.78
7262.03,46.80,12.77,33.51
7262.13,8.11,14.89,-1.39
7262.23,12.94,11.37,10.14
7262.33,44.00,-2.15,33.06
7262.43,33.75,3.61,2.49
7262.53,3.11,10.87,-34.56
7262.63,9.80,19.50,-22.80
7262.73,46.51,8.55,12.39
7262.83,11.75,10.42,0.58
7262.93,31.94,4.76,-4.67
7263.03,49.51,-4.19,36.42
7263.13,21.73,15.01,16.62
7263.23,45.40,8.50,23.23
7263.33,33.89,-13.35,0.11
7263.43,4.88,4.38,33.24
7263.53,17.87,20.00,-29.02
7263.63,47.01,16.81,-38.31
7263.73,25.45,1.85,-3.83
7263.83,14.03,14.74,-19.18
7263.93,33.67,19.34,-38.70
7264.03,16.24,-18.34,-34.31
7264.13,0.27,13.61,-32.30
7264.23,42.69,0.26,5.19
7264.33,21.13,-16.89,4.44
7264.43,16.77,17.41,29.09
7264.53,40.35,-13.46,20.15
7264.63,21.73,18.56,-14.55
7264.73,30.08,-11.67,-16.14
7264.83,15.60,-14.26,33.45
7264.93,23.53,14.63,-14.88
7265.03,46.25,1.86,-34.13
7265.13,35.43,-12.23,25.00
7265.23,48.67,-14.90,-18.30
7265.33,13.57,9.92,12.49
7265.43,4.38,-0.07,-3.65
7265.53,10.56,6.44,-9.52
7265.63,8.91,10.74,0.58
7265.73,8.01,2.18,-4.76
7265.83,13.16,5.52,-2.96
7265.94,26.35,16.05,-25.62
7266.04,43.40,-3.92,24.47
7266.13,9.88,-18.60,-22.40
7266.23,35.62,-12.22,37.59
7266.33,33.70,-9.29,-36.26
7266.44,48.22,14.18,-17.77
7266.54,41.01,3.81,-33.99
7266.63,36.78,-14.27,15.54
7266.73,6.78,-8.87,27.53
7266.83,15.82,-0.37,3.68
7266.94,35.57,13.61,-20.29
7267.04,46.16,-7.02,5.88
7267.13,40.30,-8.47,-34.43
7267.23,22.55,-3.04,-16.97
7267.33,43.70,4.43,-5.03
7267.44,14.11,2.41,-3.41
7267.54,48.07,11.30,39.68
7267.64,29.99,3.97,-34.31
7267.74,21.43,-8.41,27.17
7267.84,13.72,16.03,-0.14
7267.94,34.71,8.41,26.86
7268.04,45.92,-8.48,21.64
7268.14,9.87,6.83,1.28
7268.24,33.32,19.87,-5.78
7268.34,7.02,-13.02,-7.34
7268.44,0.80,-3.99,19.66
7268.54,3.25,-2.38,22.06
7268.64,6.03,3.31,31.34
7268.74,39.78,-10.62,-17.38
7268.84,15.79,14.46,19.67
7268.94,30.91,-1.67,34.09
7269.04,21.48,-0.76,-3.14
7269.14,5.10,16.89,36.01
7269.24,38.28,18.56,35.32
7269.34,1.05,-0.31,-17.73
7269.44,31.36,-17.90,-25.46
7269.54,28.66,-0.52,18.00
7269.64,19.56,13.91,33.67
7269.74,11.28,15.59,-24.81
7269.84,27.74,-12.75,-22.23
7269.94,47.14,2.49,-34.71
7270.04,24.81,19.74,-21.75
7270.14,30.77,6.97,25.02
7270.24,11.99,11.92,-33.69
7270.34,27.12,4.50,-39.03
7270.44,5.33,-5.46,15.56
7270.54,6.34,-19.16,-7.52
7270.64,20.28,-15.95,-2.58
7270.74,15.52,-16.26,-11.15
7270.84,47.19,-10.74,-4.25
7270.94,42.66,-18.81,-34.11
7271.04,21.46,-9.49,-35.93
7271.14,23.44,16.77,27.67
7271.24,8.46,7.37,27.52
7271.34,47.06,-4.64,1.35
7271.44,10.05,-14.78,-37.32
7271.54,13.07,-10.19,27.70
7271.64,48.39,-4.50,20.32
7271.74,29.26,-17.30,25.45
7271.84,34.29,9.35,21.62
7271.94,3.27,11.95,-23.20
7272.04,16.22,5.76,20.13
7272.14,10.84,-7.90,9.80
7272.24,9.67,-13.13,10.25
7272.34,27.41,9.07,30.78
7272.44,9.83,17.74,-29.15
7272.54,9.57,-18.73,-3.82
7272.64,3.68,15.74,-16.74
7272.74,14.85,-2.85,24.29
7272.84,29.12,-2.81,-35.35
7272.94,30.68,14.60,-38.30
7273.04,48.77,0.63,-30.25
7273.14,49.24,1.36,18.63
7273.24,28.70,-4.96,0.96
7273.34,34.43,-7.67,-34.09
7273.44,35.62,13.91,36.85
7273.54,43.16,2.16,14.98
7273.64,33.57,19.78,28.81
7273.74,1.50,1.14,-8.55
7273.84,35.32,-2.13,-1.19
7273.94,28.13,-3.86,5.74
7274.04,17.09,14.03,-34.49
7274.14,23.19,-15.64,-38.75
7274.24,3.59,13.43,-30.23
7274.34,41.91,-14.52,-21.76
7274.44,27.26,-16.19,-7.11
7274.54,37.54,-8.34,-28.48
7274.64,19.10,-2.27,22.27
7274.74,3.92,-2.03,6.36
7274.84,32.57,3.68,-17.02
7274.94,8.09,11.25,19.45
7275.04,49.58,1.90,-15.75
7275.14,14.45,-13.01,-30.89
7275.24,38.79,5.57,8.42
7275.34,2.61,0.75,19.88
7275.44,42.05,-14.50,38.49
7275.54,25.53,-18.53,39.08
7275.64,19.37,-17.75,7.16
7275.74,17.90,5.93,3.07
7275.84,42.22,11.22,-32.15
7275.94,0.72,7.03,13.96
7276.04,12.35,-3.59,-26.82
7276.14,36.24,16.43,30.75
7276.24,22.89,-19.61,-16.34
7276.34,37.03,-0.61,-24.88
7276.44,47.96,8.91,27.02
7276.54,47.20,18.58,5.76
7276.64,34.59,-15.12,2.64
7276.74,9.11,14.50,-8.98
7276.84,7.32,11.01,36.01
7276.94,35.03,5.74,-0.86
7277.04,2.27,-5.59,-13.00
7277.14,7.59,-8.77,-3.37
7277.24,25.01,8.23,-37.04
7277.34,29.67,19.75,-7.56
7277.44,6.71,-11.54,-39.24
7277.54,43.15,-0.78,-34.17
7277.64,28.34,3.16,-10.81
7277.74,43.10,-7.30,-21.40
7277.84,33.83,-3.73,23.41
7277.94,28.64,-2.68,-29.73
7278.04,21.03,4.32,12.52
7278.14,2.25,-1.01,8.50
7278.24,49.35,-11.74,34.24
7278.34,28.07,10.86,8.47
7278.44,8.88,-16.22,1.30
7278.54,16.03,18.81,-37.72
7278.64,25.36,-8.94,3.78
7278.74,41.87,5.38,36.17
7278.84,38.12,-5.21,13.65
7278.94,30.22,-1.68,32.79
7279.04,26.74,17.93,-22.17
7279.14,23.32,-11.07,-23.57
7279.24,39.92,-12.47,-14.36
7279.34,35.28,-11.96,28.67
7279.44,15.23,-19.03,8.31
7279.54,21.44,19.52,-22.29
7279.64,29.95,-10.98,-25.65
7279.74,30.02,17.84,9.86
7279.84,34.06,-15.38,-9.68
7279.94,16.70,-19.57,-20.86
7280.04,22.43,12.21,-37.58
7280.14,38.09,4.92,-36.31
7280.24,32.14,-0.96,26.20
7280.34,27.59,3.44,-21.77
7280.44,46.99,14.17,-22.70
7280.54,7.81,19.57,-8.00
7280.64,12.98,3.38,-26.03
7280.74,43.28,-9.57,20.49
7280.84,13.71,13.90,37.57
7280.94,45.11,18.62,-4.76
7281.04,1.93,18.39,-7.26
7281.14,36.79,3.90,13.97
7281.24,37.86,18.84,-25.92
7281.34,13.83,-12.28,-3.76
7281.44,33.20,4.77,39.52
7281.54,31.00,-3.69,19.31
7281.64,39.87,0.86,-23.94
7281.74,12.73,-8.11,4.97
7281.84,25.58,-0.88,-33.64
7281.94,26.52,-17.81,-16.63
7282.04,42.53,-18.43,-35.28
7282.14,13.59,-18.81,-6.66
7282.24,16.82,-14.98,-0.12
7282.34,42.08,12.42,-28.68
7282.44,43.58,4.70,26.02
7282.54,28.37,-9.97,-18.44
7282.64,18.82,7.94,7.51
7282.74,47.31,15.34,-3.12
7282.84,27.42,7.23,6.64
7282.94,1.49,14.02,-7.89
7283.04,17.56,13.71,5.11
7283.14,28.40,8.83,-27.53
7283.24,49.76,-19.59,3.38
7283.34,3.02,-8.58,-31.97
7283.44,17.94,18.71,17.27
7283.54,16.20,14.52,-14.10
7283.64,37.76,-19.62,-17.03
7283.74,43.50,-19.26,-21.88
7283.84,49.52,12.45,-35.17
7283.94,36.38,8.39,13.57
7284.04,22.71,1.69,-25.53
7284.14,24.75,-13.76,-1.62
7284.24,3.53,-15.99,-5.41
7284.34,47.29,0.54,-5.67
7284.44,17.72,-8.25,30.63
7284.54,49.97,-11.46,7.12
7284.64,9.78,18.99,2.93
7284.74,46.83,1.58,-2.30
7284.84,35.20,-5.30,5.64
7284.94,6.54,-2.45,4.89
7285.04,31.03,-7.57,-5.59
7285.14,16.17,2.48,15.24
7285.24,44.64,-17.49,-37.75
7285.34,30.77,-3.85,-19.28
7285.44,19.29,-0.93,26.30
7285.54,38.95,-12.81,-5.08
7285.65,11.70,15.84,-18.45
7285.75,13.08,6.34,14.34
7285.85,8.95,-18.49,14.29
7285.94,18.62,8.32,-25.69
7286.04,7.72,1.32,-26.95
7286.15,17.98,-13.03,-8.49
7286.25,16.82,7.50,-22.92
7286.35,33.89,13.24,13.02
7286.44,47.35,-6.90,-8.62
7286.54,3.64,-13.50,-33.16
7286.65,22.11,4.65,16.70
7286.75,9.43,1.13,39.52
7286.85,18.17,12.02,-31.97
7286.94,37.89,19.78,39.42
7287.04,27.92,-9.19,1.06
7287.15,12.71,5.12,-0.84
7287.25,19.96,-18.44,12.09
7287.35,41.84,9.46,36.31
7287.44,1.10,-2.15,8.58
7287.54,49.52,-15.20,-15.09
7287.65,12.62,8.90,-7.82
7287.75,29.81,18.67,36.06
7287.85,42.26,10.60,-32.42
7287.95,10.61,-18.61,-18.31
7288.05,0.32,-16.43,-11.02
7288.15,13.75,-18.42,9.25
7288.25,18.11,6.75,27.69
7288.35,39.01,-15.21,-5.86
7288.45,22.28,6.98,1.48
7288.55,45.67,-2.99,35.01
7288.65,42.13,10.28,38.15
7288.75,32.86,15.54,10.13
7288.85,15.49,9.43,2.91
7288.95,40.44,-17.81,-7.55
7289.05,23.64,4.03,-11.08
7289.15,13.93,-14.43,2.54
7289.25,26.44,12.56,29.39
7289.35,8.11,-11.78,13.40
7289.45,5.32,-8.46,24.88
7289.55,19.88,-19.60,-14.99
7289.65,25.39,12.61,15.90
7289.75,11.57,-6.84,32.83
7289.85,21.24,18.04,-26.34
7289.95,39.53,-16.56,24.29
7290.05,42.78,10.11,20.47
7290.15,4.59,-3.38,-16.85
7290.25,32.77,-13.26,29.59
7290.35,48.81,-3.54,-15.91
7290.45,2.14,-2.00,21.08
7290.55,21.35,-9.62,-22.47
7290.65,39.71,5.26,-34.18
7290.75,21.76,-19.94,8.65
7290.85,1.07,4.22,28.94
7290.95,46.78,1.41,-36.38
7291.05,28.72,-5.01,7.18
7291.15,44.95,12.68,-0.64
7291.25,27.51,16.03,-27.00
7291.35,21.55,3.95,8.62
7291.45,10.90,12.40,24.18
7291.55,30.17,9.38,-3.59
7291.65,2.81,5.16,4.81
7291.75,20.47,-6.17,-3.32
7291.85,46.54,11.28,-20.42
7291.95,39.68,-10.00,-30.35
7292.05,5.04,-8.46,9.71
7292.15,23.22,16.91,-8.59
7292.25,9.73,16.05,-22.38
7292.35,16.58,-2.21,-25.75
7292.45,0.28,9.92,32.12
7292.55,48.32,-8.00,2.53
7292.65,47.51,3.72,-8.08
7292.75,23.72,10.81,-4.72
7292.85,27.04,11.65,-0.17
7292.95,48.48,3.48,-15.81
7293.05,28.23,0.21,1.16
7293.15,6.13,16.34,26.23
7293.25,23.47,-17.35,-22.36
7293.35,17.15,15.60,19.83
7293.45,46.58,18.14,15.08
7293.55,44.89,-1.29,16.04
7293.65,31.13,11.50,33.69
7293.75,2.97,8.63,-22.29
7293.85,35.07,14.33,9.89
7293.95,24.91,2.48,-29.22
7294.05,39.99,0.71,-28.74
7294.15,5.45,-14.27,-25.76
7294.25,35.93,0.55,39.67
7294.35,20.57,0.35,8.36
7294.45,37.55,-16.83,-9.49
7294.55,4.94,11.83,34.21
7294.65,11.75,-18.59,35.74
7294.75,35.95,19.88,-36.38
7294.85,5.16,2.25,-24.29
7294.95,4.61,16.48,0.61
7295.05,23.33,-0.65,34.23
7295.15,14.80,-19.40,22.43
7295.25,44.78,18.57,-24.18
7295.35,3.68,3.71,37.28
7295.45,10.28,18.82,7.14
7295.55,2.21,19.50,-10.81
7295.65,1.76,13.54,29.93
7295.75,11.65,-0.69,10.92
7295.85,1.10,-9.77,-17.17
7295.95,1.16,-16.50,35.28
7296.05,4.14,8.66,30.02
7296.15,0.41,-5.85,-15.53
7296.25,12.32,-3.34,-16.35
7296.35,36.77,18.24,-29.15
7296.45,19.98,-2.93,0.25
7296.55,35.59,-5.85,9.16
7296.65,28.69,7.88,35.72
7296.75,47.58,-19.82,33.13
7296.85,49.02,-12.18,22.27
7296.95,36.54,-5.51,7.56
7297.05,37.57,17.36,17.77
7297.15,4.95,-17.32,1.57
7297.25,21.92,-19.77,30.66
7297.35,46.53,-13.75,-1.77
7297.45,18.70,-1.96,-14.78
7297.55,31.63,-0.97,-6.00
7297.65,47.46,4.68,-7.10
7297.75,21.47,-0.25,18.61
7297.85,39.14,-13.61,-1.35
7297.95,8.27,-18.31,21.50
7298.05,6.86,14.03,-28.03
7298.15,49.32,3.25,-39.08
7298.25,21.85,-17.49,19.17
7298.35,40.38,12.61,24.18
7298.45,5.71,18.24,-37.12
7298.55,0.29,-16.79,26.34
7298.65,1.17,16.40,38.17
7298.75,9.59,19.45,23.25
7298.85,6.02,14.65,34.80
7298.95,22.08,-6.28,0.22
7299.05,10.27,-12.56,-16.04
7299.15,27.77,19.56,15.17
7299.25,49.79,5.31,-27.61
7299.35,0.93,13.83,-38.15
7299.45,25.22,0.04,33.33
7299.55,25.25,1.60,23.10
7299.65,29.07,-15.30,-31.02
7299.75,29.97,16.87,-25.22
7299.85,24.10,-6.12,15.44
7299.95,31.34,-4.68,30.13
7300.05,2.65,13.16,-8.48
7300.15,30.24,5.03,39.34
7300.25,18.08,2.01,-4.86
7300.35,25.24,3.17,-31.14
7300.45,8.82,-0.45,-6.45
7300.55,41.45,-14.42,3.93
7300.65,48.87,5.68,-25.09
7300.75,18.06,6.44,-28.63
7300.85,40.17,-5.93,-8.68
7300.95,3.96,-10.49,1.59
7301.05,11.02,-19.14,7.85
7301.15,5.36,4.99,-36.36
7301.25,45.08,6.26,24.31
7301.35,7.14,14.86,24.90
7301.45,29.86,16.52,-13.34
7301.55,1.13,10.93,37.75
7301.65,47.68,7.00,-8.57
7301.75,12.30,19.86,14.16
7301.85,41.61,15.05,19.75
7301.95,22.87,1.35,32.04
7302.05,20.71,5.58,6.18
7302.15,17.21,-3.96,-3.06
7302.25,3.59,-8.69,-2.98
7302.35,30.98,9.87,-8.51
7302.45,25.77,-8.02,15.52
7302.55,26.36,-1.37,14.13
7302.65,13.10,13.45,7.53
7302.75,32.02,1.22,2.23
7302.85,29.94,8.35,20.21
7302.95,46.19,9.79,-20.10
7303.05,4.88,-15.41,26.64
7303.15,29.16,1.55,-5.69
7303.25,48.38,4.67,-9.87
7303.35,30.60,10.87,-18.48
7303.45,42.56,14.85,25.17
7303.55,48.88,15.16,11.72
7303.65,49.10,-10.09,9.86
7303.75,3.05,16.95,34.03
7303.85,21.18,10.03,-4.98
7303.95,47.76,0.03,34.05
7304.05,7.57,-2.82,-35.83
7304.15,35.82,-11.96,-8.30
7304.25,30.17,-1.65,26.39
7304.35,31.78,16.07,-7.30
7304.45,48.47,4.16,25.57
7304.55,47.22,5.21,-13.36
7304.65,22.22,-7.13,-7.49
7304.75,14.10,-15.35,10.60
7304.85,7.61,11.71,39.95
7304.95,3.46,13.37,-10.13
7305.05,15.85,0.43,-19.49
7305.15,40.86,12.90,-37.80
7305.25,44.73,13.81,1.34
7305.35,25.08,18.93,36.54
7305.45,18.97,17.53,-5.42
7305.55,21.52,-3.74,14.04
7305.65,19.71,16.12,-33.69
7305.75,31.99,-13.10,-23.90
7305.85,42.03,16.03,-22.24
7305.96,29.61,-17.66,-18.95
7306.06,7.92,3.68,-35.95
7306.15,22.23,-3.70,21.33
7306.25,30.80,6.08,2.70
7306.35,33.29,2.36,29.43
7306.46,42.03,-19.22,-11.60
7306.56,48.60,-10.55,3.38
7306.65,0.84,19.70,-32.41
7306.75,42.38,8.33,31.04
7306.85,41.62,11.12,-16.39
7306.96,34.04,-5.36,-13.24
7307.06,25.02,8.16,-6.35
7307.15,10.74,-15.21,20.22
7307.25,13.04,13.64,32.20
7307.35,45.20,-10.93,-14.07
7307.46,39.23,-2.36,19.44
7307.56,5.99,-0.97,-14.41
7307.66,7.85,15.59,25.34
7307.76,43.50,-1.61,-33.32
7307.86,6.68,-18.34,-27.70
7307.96,5.87,16.50,17.50
7308.06,30.30,0.75,-6.08
7308.16,44.76,-3.06,14.41
7308.26,27.53,-9.88,34.15
7308.36,40.65,11.56,-3.90
7308.46,20.15,0.39,27.10
7308.56,5.98,17.59,39.52
7308.66,4.58,2.61,-5.56
7308.76,9.89,19.41,-29.08
7308.86,27.92,-19.91,11.90
7308.96,39.60,2.80,-23.27
7309.06,9.84,13.60,-34.52
7309.16,22.95,0.43,11.99
7309.26,5.56,10.25,24.35
7309.36,16.01,-4.64,12.68
7309.46,10.90,-9.65,25.59
7309.56,11.32,1.88,6.35
7309.66,48.56,1.39,14.64
7309.76,47.53,0.00,-16.54
7309.86,31.84,19.14,16.26
7309.96,5.21,-5.74,19.01
7310.06,8.94,12.59,-4.08
7310.16,4.04,-2.26,-0.98
7310.26,18.23,12.63,1.30
7310.36,20.76,-13.08,-23.12
7310.46,45.42,-3.56,15.95
7310.56,15.48,-11.98,28.93
7310.66,32.67,-2.95,-8.75
7310.76,1.76,15.21,13.86
7310.86,39.80,-19.58,26.99
7310.96,19.97,-14.38,-32.20
7311.06,38.44,-15.05,33.93
7311.16,18.07,16.45,-7.18
7311.26,45.73,-13.63,9.96
7311.36,31.55,18.02,30.06
7311.46,23.84,-1.91,7.75
7311.56,21.36,5.08,-7.35
7311.66,46.93,18.93,-16.21
7311.76,25.51,0.20,-10.85
7311.86,15.77,14.62,16.84
7311.96,37.56,-17.36,12.55
7312.06,32.49,13.46,13.69
7312.16,40.77,-3.76,11.34
7312.26,30.72,19.92,-1.56
7312.36,29.86,15.76,-1.78
7312.46,3.81,-8.83,-18.34
7312.56,17.06,-3.55,10.03
7312.66,37.06,4.80,37.93
7312.76,8.41,-8.20,-21.74
7312.86,29.22,-11.74,-19.68
7312.96,2.85,3.58,22.01
7313.06,37.75,10.56,-2.53
7313.16,31.40,-17.52,-4.74
7313.26,46.80,18.79,3.16
7313.36,12.75,11.48,-34.09
7313.46,13.48,6.53,32.52
7313.56,37.22,-17.69,36.58
7313.66,31.60,7.02,-16.57
7313.76,38.25,-14.46,-13.74
7313.86,17.06,12.18,25.43
7313.96,0.91,12.11,-21.63
7314.06,24.84,-0.61,27.41
7314.16,24.03,1.22,37.14
7314.26,36.37,8.47,-7.34
7314.36,13.98,12.20,-6.58
7314.46,38.21,-12.74,16.50
7314.56,40.58,19.27,-6.51
7314.66,19.33,-16.76,0.12
7314.76,46.04,-11.33,30.59
7314.86,44.36,-12.74,28.88
7314.96,16.38,7.15,-36.16
7315.06,40.44,3.71,22.27
7315.16,21.21,6.16,30.72
7315.26,9.31,-6.06,-9.89
7315.36,22.93,7.63,-2.26
7315.46,24.30,13.07,25.37
7315.56,41.58,6.80,5.41
7315.66,8.18,2.96,28.11
7315.76,34.04,-2.16,31.76
7315.86,39.38,-1.93,-1.40
7315.96,38.43,-6.39,-12.19
7316.06,42.27,7.98,-27.81
7316.16,20.00,-4.77,31.66
7316.26,35.32,-17.11,2.92
7316.36,18.22,-9.03,26.78
7316.46,45.35,6.77,28.16
7316.56,1.92,19.36,-37.24
7316.66,37.77,19.40,-38.84
7316.76,36.09,18.07,17.22
7316.86,34.41,-19.83,5.16
7316.96,20.56,-3.46,25.75
7317.06,9.18,3.51,39.86
7317.16,42.94,19.56,36.13
7317.26,33.11,8.54,-31.35
7317.36,12.50,-5.12,21.16
7317.46,18.96,-3.74,27.64
7317.56,9.35,18.35,34.84
7317.66,43.64,12.56,-16.02
7317.76,18.77,-9.43,-14.97
7317.86,7.63,0.48,27.33
7317.96,4.93,3.79,11.21
7318.06,7.89,-0.09,-25.62
7318.16,6.61,4.66,-17.55
7318.26,13.12,2.63,-3.80
7318.36,46.27,-16.71,-11.23
7318.46,25.68,-18.36,-27.62
7318.56,32.09,6.97,-24.38
7318.66,33.23,13.93,31.41
7318.76,21.84,8.85,-23.14
7318.86,12.99,19.49,-33.03
7318.96,16.68,10.17,-31.19
7319.06,13.68,-3.33,8.71
7319.16,37.23,-8.69,-36.56
7319.26,7.22,-17.19,32.03
7319.36,19.56,18.44,-27.84
7319.46,49.63,-8.95,-18.85
7319.56,31.87,5.53,-16.09
7319.66,37.73,-17.12,1.18
7319.76,28.00,5.22,10.19
7319.86,19.72,-14.82,35.38
7319.96,16.28,5.88,18.21
7320.06,34.15,-15.50,-36.51
7320.16,39.06,-10.48,17.83
7320.26,30.44,-15.22,11.35
7320.36,4.37,15.50,-24.99
7320.46,35.55,-10.16,15.20
7320.56,7.66,5.42,-7.62
7320.66,26.04,-4.24,13.41
7320.76,23.10,-2.25,25.12
7320.86,25.67,9.82,22.76
7320.96,14.12,-1.19,-14.61
7321.06,5.43,0.30,11.54
7321.16,27.07,-2.15,25.09
7321.26,16.82,17.68,-21.21
7321.36,29.75,4.45,3.27
7321.46,31.26,2.21,3.93
7321.56,8.73,-18.98,3.90
7321.66,43.77,-13.50,-28.51
7321.76,13.81,15.87,-38.66
7321.86,7.67,-2.69,-30.75
7321.96,27.35,-0.61,10.75
7322.06,45.00,19.33,32.46
7322.16,17.15,-7.66,11.18
7322.26,40.94,-1.92,18.50
7322.36,17.10,-5.57,38.40
7322.46,8.99,3.52,1.81
7322.56,25.24,15.13,7.66
7322.66,10.85,-9.48,18.20
7322.76,26.02,15.03,29.68
7322.86,6.98,-17.65,3.40
7322.96,15.35,-17.88,31.02
