Nama Perenang:,Irfan
Gaya Renang:,Gaya Bebas
Time:,140526-1255
TimeStamp(s),Force(Kg),Roll(Deg),Pitch(Deg)
4686.35,33.26,-5.14,-1.99
4686.45,32.11,-6.35,2.95
4686.55,30.08,-7.49,7.60
4686.65,27.30,-8.55,11.82
4686.75,23.98,-9.53,15.44
4686.85,20.42,-10.42,18.34
4686.95,16.96,-11.21,20.43
4687.05,13.94,-11.89,21.64
4687.15,11.67,-12.47,21.94
4687.25,10.44,-12.93,21.34
4687.35,10.42,-13.28,19.90
4687.45,11.68,-13.52,17.72
4687.55,14.17,-13.64,14.91
4687.65,17.73,-13.65,11.65
4687.75,22.12,-13.54,8.10
4687.85,26.98,-13.31,4.47
4687.95,31.95,-12.98,0.95
4688.05,36.61,-12.54,-2.28
4688.15,40.59,-12.00,-5.08
4688.25,43.58,-11.37,-7.30
4688.35,45.33,-10.65,-8.88
4688.45,45.69,-9.86,-9.77
4688.55,44.62,-9.01,-9.99
4688.65,42.19,-8.10,-9.57
4688.75,38.57,-7.16,-8.63
4688.85,33.99,-6.18,-7.28
4688.95,28.76,-5.19,-5.66
4689.05,23.22,-4.19,-3.92
4689.15,17.71,-3.21,-2.21
4689.25,12.58,-2.25,-0.65
4689.35,8.11,-1.33,0.66
4689.45,4.55,-0.46,1.65
4689.55,2.10,0.35,2.30
4689.65,0.84,1.09,2.60
4689.75,0.81,1.74,2.61
4689.85,1.97,2.30,2.37
4689.95,4.21,2.78,1.98
4690.05,7.40,3.15,1.51
4690.15,11.33,3.42,1.03
4690.25,15.79,3.59,0.60
4690.35,20.56,3.67,0.27
4690.45,25.38,3.66,0.05
4690.55,30.07,3.56,-0.06
4690.65,34.43,3.39,-0.09
4690.75,38.31,3.16,-0.06
4690.85,41.58,2.87,-0.03
4690.95,44.14,2.55,-0.00
4691.05,45.94,2.20,-0.01
4691.15,46.97,1.85,-0.06
4691.25,47.26,1.49,-0.13
4691.35,46.84,1.15,-0.18
4691.45,45.78,0.84,-0.19
4691.55,44.16,0.56,-0.11
4691.65,42.08,0.32,0.10
4691.75,39.65,0.13,0.45
4691.85,36.97,-0.02,0.92
4691.95,34.13,-0.12,1.49
4692.05,31.26,-0.18,2.08
4692.15,28.43,-0.21,2.61
4692.25,25.71,-0.20,2.98
4692.35,23.19,-0.17,3.09
4692.45,20.89,-0.13,2.83
4692.55,18.87,-0.09,2.16
4692.65,17.16,-0.05,1.07
4692.75,15.77,-0.02,-0.43
4692.85,14.70,-0.00,-2.23
4692.95,13.96,-0.00,-4.19
4693.05,13.51,-0.01,-6.14
4693.15,13.34,-0.03,-7.87
4693.25,13.44,-0.05,-9.16
4693.35,13.76,-0.06,-9.84
4693.45,14.28,-0.05,-9.73
4693.55,14.95,-0.02,-8.74
4693.65,15.75,0.05,-6.86
4693.75,16.65,0.15,-4.15
4693.85,17.60,0.31,-0.74
4693.95,18.58,0.50,3.14
4694.05,19.55,0.72,7.20
4694.15,20.51,0.97,11.16
4694.25,21.42,1.21,14.66
4694.35,22.27,1.43,17.42
4694.45,23.05,1.59,19.15
4694.55,23.74,1.68,19.65
4694.65,24.33,1.66,18.83
4694.75,24.83,1.50,16.64
4694.85,25.24,1.21,13.17
4694.95,25.56,0.75,8.60
4695.05,25.79,0.15,3.16
4695.15,25.95,-0.59,-2.81
4695.25,26.03,-1.43,-8.96
4695.35,26.06,-2.32,-14.91
4695.45,26.04,-3.21,-20.30
4695.55,25.99,-4.03,-24.79
4695.65,25.91,-4.71,-28.11
4695.75,25.82,-5.19,-30.06
4695.85,25.73,-5.38,-30.49
4695.95,25.64,-5.25,-29.37
4696.05,25.57,-4.75,-26.76
4696.15,25.52,-3.88,-22.76
4696.25,25.50,-2.65,-17.59
4696.35,25.49,-1.10,-11.49
4696.45,25.51,0.69,-4.73
4696.55,25.54,2.62,2.35
4696.65,25.58,4.58,9.47
4696.75,25.62,6.42,16.30
4696.85,25.64,8.00,22.57
4696.95,25.63,9.20,28.04
4697.05,25.59,9.88,32.53
4697.15,25.48,9.97,35.89
4697.25,25.31,9.40,38.01
4697.35,25.05,8.16,38.88
4697.45,24.70,6.29,38.50
4697.55,24.26,3.87,36.94
4697.65,23.71,1.03,34.28
4697.75,23.08,-2.06,30.68
4697.85,22.37,-5.20,26.26
4697.95,21.59,-8.18,21.20
4698.05,20.79,-10.78,15.69
4698.15,19.99,-12.82,9.89
4698.25,19.23,-14.11,3.97
4698.35,18.56,-14.53,-1.91
4698.45,18.05,-14.02,-7.59
4698.55,17.74,-12.56,-12.96
4698.65,17.68,-10.22,-17.91
4698.75,17.93,-7.12,-22.36
4698.85,18.51,-3.44,-26.24
4698.95,19.46,0.59,-29.50
4699.05,20.80,4.72,-32.15
4699.15,22.51,8.68,-34.15
4699.25,24.56,12.21,-35.52
4699.35,26.89,15.06,-36.28
4699.45,29.41,17.04,-36.47
4699.55,32.01,18.00,-36.13
4699.65,34.58,17.87,-35.31
4699.75,36.96,16.63,-34.07
4699.85,38.98,14.35,-32.46
4699.95,40.49,11.17,-30.54
4700.05,41.34,7.26,-28.37
4700.15,41.41,2.87,-26.00
4700.25,40.61,-1.74,-23.49
4700.35,38.89,-6.30,-20.90
4700.45,36.27,-10.53,-18.25
4700.55,32.80,-14.18,-15.60
4700.65,28.64,-17.05,-12.99
4700.75,24.00,-18.98,-10.44
4700.85,19.14,-19.85,-7.98
4700.95,14.36,-19.64,-5.65
4701.05,9.99,-18.37,-3.45
4701.15,6.38,-16.12,-1.41
4701.25,3.81,-13.03,0.48
4701.35,2.55,-9.29,2.19
4701.45,2.77,-5.10,3.73
4701.55,4.55,-0.69,5.09
4701.65,7.86,3.70,6.28
4701.75,12.51,7.86,7.29
4701.85,18.21,11.56,8.13
4701.95,24.58,14.67,8.81
4702.05,31.14,17.02,9.34
4702.15,37.35,18.55,9.72
4702.25,42.71,19.22,9.96
4702.35,46.73,19.01,10.07
4702.45,49.03,17.97,10.06
4702.55,49.39,16.20,9.95
4702.65,47.73,13.79,9.75
4702.75,44.13,10.89,9.45
4702.85,38.91,7.64,9.09
4702.95,32.49,4.18,8.66
4703.05,25.44,0.70,8.18
4703.15,18.40,-2.69,7.67
4703.25,12.02,-5.85,7.11
4703.35,6.90,-8.67,6.54
4703.45,3.50,-11.06,5.95
4703.55,2.14,-12.96,5.35
4703.65,2.92,-14.33,4.77
4703.75,5.74,-15.15,4.19
4703.85,10.29,-15.44,3.64
4703.95,16.08,-15.21,3.11
4704.05,22.53,-14.52,2.61
4704.15,28.98,-13.42,2.15
4704.25,34.80,-11.98,1.73
4704.35,39.43,-10.28,1.36
4704.46,42.45,-8.38,1.03
4704.56,43.64,-6.37,0.75
4704.65,42.96,-4.32,0.52
4704.75,40.57,-2.29,0.34
4704.85,36.80,-0.34,0.20
4704.96,32.11,1.47,0.10
4705.06,27.04,3.11,0.04
4705.15,22.13,4.55,0.01
4705.25,17.86,5.77,0.00
4705.35,14.61,6.75,0.01
4705.46,12.63,7.49,0.01
4705.56,12.02,8.00,0.02
4705.65,12.71,8.28,0.01
4705.75,14.53,8.36,-0.04
4705.85,17.17,8.25,-0.12
4705.96,20.28,7.98,-0.25
4706.06,23.50,7.57,-0.44
4706.15,26.50,7.05,-0.69
4706.25,29.00,6.44,-1.03
4706.36,30.81,5.76,-1.44
4706.46,31.84,5.06,-1.93
4706.56,32.10,4.34,-2.49
4706.66,31.67,3.62,-3.11
4706.76,30.68,2.93,-3.79
4706.86,29.33,2.27,-4.50
4706.96,27.81,1.65,-5.22
4707.06,26.30,1.09,-5.92
4707.16,24.94,0.60,-6.57
4707.26,23.85,0.16,-7.11
4707.36,23.08,-0.20,-7.52
4707.46,22.65,-0.50,-7.75
4707.56,22.53,-0.74,-7.75
4707.66,22.66,-0.91,-7.48
4707.76,22.97,-1.03,-6.90
4707.86,23.39,-1.10,-5.97
4707.96,23.85,-1.12,-4.68
4708.06,24.28,-1.11,-3.02
4708.16,24.65,-1.06,-1.01
4708.26,24.94,-0.99,1.35
4708.36,25.15,-0.90,3.99
4708.46,25.29,-0.80,6.85
4708.56,25.38,-0.69,9.83
4708.66,25.43,-0.58,12.81
4708.76,25.47,-0.47,15.66
4708.86,25.51,-0.37,18.24
4708.96,25.54,-0.28,20.38
4709.06,25.57,-0.19,21.93
4709.16,25.58,-0.13,22.74
4709.26,25.55,-0.07,22.68
4709.36,25.45,-0.03,21.64
4709.46,25.28,-0.01,19.57
4709.56,25.01,-0.00,16.45
4709.66,24.65,-0.00,12.32
4709.76,24.19,-0.02,7.30
4709.86,23.65,-0.04,1.57
4709.96,23.06,-0.07,-4.65
4710.06,22.45,-0.10,-11.07
4710.16,21.86,-0.14,-17.34
4710.26,21.35,-0.17,-23.10
4710.36,20.94,-0.19,-27.97
4710.46,20.71,-0.21,-31.61
4710.56,20.67,-0.21,-33.69
4710.66,20.87,-0.20,-33.99
4710.76,21.31,-0.17,-32.35
4710.86,22.01,-0.11,-28.76
4710.96,22.95,-0.03,-23.32
4711.06,24.13,0.08,-16.25
4711.16,25.50,0.22,-7.92
4711.26,27.03,0.40,1.20
4711.36,28.67,0.60,10.53
4711.46,30.37,0.84,19.46
4711.56,32.06,1.12,27.35
4711.66,33.69,1.43,33.63
4711.76,35.19,1.77,37.78
4711.86,36.51,2.15,39.43
4711.96,37.60,2.56,38.38
4712.06,38.43,2.99,34.64
4712.16,38.94,3.44,28.39
4712.26,39.12,3.91,20.04
4712.36,38.97,4.39,10.15
4712.46,38.46,4.87,-0.53
4712.56,37.59,5.36,-11.22
4712.66,36.41,5.83,-21.09
4712.76,34.90,6.27,-29.37
4712.86,33.12,6.69,-35.40
4712.96,31.08,7.06,-38.70
4713.06,28.85,7.39,-39.01
4713.16,26.43,7.65,-36.30
4713.26,23.90,7.83,-30.81
4713.36,21.31,7.93,-22.99
4713.46,18.69,7.93,-13.50
4713.56,16.11,7.82,-3.14
4713.66,13.60,7.59,7.28
4713.76,11.22,7.24,16.86
4713.86,9.01,6.75,24.87
4713.96,7.00,6.12,30.68
4714.06,5.23,5.35,33.88
4714.16,3.74,4.44,34.28
4714.26,2.52,3.38,31.95
4714.36,1.63,2.19,27.17
4714.46,1.07,0.87,20.43
4714.56,0.84,-0.56,12.37
4714.66,0.96,-2.08,3.70
4714.76,1.42,-3.69,-4.84
4714.86,2.21,-5.35,-12.57
4714.96,3.33,-7.03,-18.91
4715.06,4.76,-8.69,-23.42
4715.16,6.47,-10.32,-25.86
4715.26,8.43,-11.86,-26.16
4715.36,10.61,-13.28,-24.44
4715.46,13.00,-14.53,-20.98
4715.56,15.54,-15.57,-16.20
4715.66,18.19,-16.36,-10.55
4715.76,20.93,-16.87,-4.57
4715.86,23.70,-17.05,1.25
4715.96,26.43,-16.89,6.49
4716.06,29.10,-16.36,10.80
4716.16,31.68,-15.44,13.93
4716.26,34.11,-14.13,15.78
4716.36,36.32,-12.45,16.33
4716.46,38.30,-10.41,15.68
4716.56,40.01,-8.03,14.03
4716.66,41.43,-5.38,11.62
4716.76,42.51,-2.50,8.71
4716.86,43.24,0.53,5.58
4716.96,43.61,3.64,2.49
4717.06,43.61,6.73,-0.34
4717.16,43.24,9.72,-2.74
4717.26,42.52,12.49,-4.61
4717.36,41.47,14.96,-5.89
4717.46,40.11,17.02,-6.59
4717.56,38.50,18.59,-6.74
4717.66,36.65,19.60,-6.44
4717.76,34.64,19.98,-5.79
4717.86,32.52,19.71,-4.89
4717.96,30.34,18.76,-3.87
4718.06,28.18,17.14,-2.83
4718.16,26.08,14.90,-1.84
4718.26,24.12,12.10,-0.98
4718.36,22.34,8.84,-0.28
4718.46,20.80,5.23,0.23
4718.56,19.53,1.40,0.57
4718.66,18.56,-2.49,0.74
4718.76,17.91,-6.27,0.77
4718.86,17.58,-9.79,0.71
4718.96,17.56,-12.88,0.58
4719.06,17.83,-15.41,0.43
4719.16,18.35,-17.25,0.28
4719.26,19.08,-18.31,0.15
4719.36,19.96,-18.55,0.06
4719.46,20.94,-17.94,0.01
4719.56,21.96,-16.50,0.00
4719.66,22.96,-14.31,0.02
4719.76,23.89,-11.48,0.05
4719.86,24.70,-8.15,0.07
4719.96,25.38,-4.48,0.07
4720.06,25.90,-0.68,0.03
4720.16,26.24,3.06,-0.07
4720.26,26.43,6.55,-0.25
4720.36,26.48,9.59,-0.51
4720.46,26.41,12.04,-0.86
4720.56,26.26,13.76,-1.29
4720.66,26.06,14.68,-1.79
4720.76,25.84,14.77,-2.36
4720.86,25.62,14.04,-2.97
4720.96,25.43,12.56,-3.60
4721.06,25.26,10.44,-4.24
4721.16,25.11,7.81,-4.86
4721.26,24.98,4.87,-5.43
4721.36,24.86,1.78,-5.93
4721.46,24.71,-1.24,-6.34
4721.56,24.55,-4.03,-6.64
4721.66,24.37,-6.42,-6.80
4721.76,24.17,-8.29,-6.82
4721.86,23.99,-9.54,-6.68
4721.96,23.85,-10.14,-6.38
4722.06,23.81,-10.07,-5.90
4722.16,23.91,-9.39,-5.26
4722.26,24.18,-8.18,-4.44
4722.36,24.65,-6.56,-3.46
4722.46,25.33,-4.65,-2.33
4722.56,26.18,-2.61,-1.04
4722.66,27.13,-0.58,0.37
4722.76,28.10,1.31,1.91
4722.86,28.95,2.94,3.55
4722.96,29.56,4.23,5.28
4723.06,29.79,5.11,7.08
4723.16,29.53,5.58,8.95
4723.26,28.72,5.64,10.85
4723.36,27.34,5.32,12.77
4723.46,25.46,4.69,14.68
4723.56,23.21,3.84,16.58
4723.66,20.78,2.84,18.46
4723.76,18.45,1.79,20.29
4723.86,16.49,0.76,22.06
4723.96,15.18,-0.16,23.75
4724.06,14.76,-0.94,25.37
4724.16,15.38,-1.52,26.87
4724.26,17.11,-1.90,28.27
4724.37,19.88,-2.09,29.56
4724.46,23.49,-2.09,30.70
4724.56,27.62,-1.95,31.71
4724.67,31.86,-1.69,32.57
4724.77,35.75,-1.37,33.27
4724.87,38.85,-1.02,33.81
4724.96,40.73,-0.67,34.18
4725.06,41.11,-0.37,34.38
4725.17,39.83,-0.12,34.40
4725.27,36.93,0.07,34.23
4725.37,32.61,0.18,33.88
4725.46,27.24,0.24,33.34
4725.56,21.36,0.24,32.61
4725.67,15.54,0.21,31.69
4725.77,10.38,0.16,30.58
4725.87,6.46,0.10,29.27
4725.96,4.21,0.06,27.77
4726.06,3.92,0.02,26.09
4726.17,5.67,0.00,24.23
4726.27,9.35,0.00,22.20
4726.37,14.62,0.00,19.99
4726.47,21.01,0.01,17.62
4726.57,27.91,0.00,15.10
4726.67,34.69,-0.02,12.46
4726.77,40.69,-0.08,9.68
4726.87,45.36,-0.16,6.80
4726.97,48.27,-0.27,3.84
4727.07,49.16,-0.41,0.81
4727.17,47.95,-0.57,-2.27
4727.27,44.79,-0.72,-5.37
4727.37,39.96,-0.87,-8.46
4727.47,33.92,-0.98,-11.51
4727.57,27.19,-1.04,-14.48
4727.67,20.34,-1.03,-17.35
4727.77,13.94,-0.93,-20.08
4727.87,8.48,-0.75,-22.63
4727.97,4.37,-0.46,-24.98
4728.07,1.87,-0.08,-27.08
4728.17,1.11,0.39,-28.90
4728.27,2.08,0.94,-30.40
4728.37,4.62,1.55,-31.54
4728.47,8.47,2.18,-32.32
4728.57,13.31,2.83,-32.70
4728.67,18.74,3.44,-32.66
4728.77,24.36,3.99,-32.19
4728.87,29.78,4.46,-31.29
4728.97,34.66,4.80,-29.97
4729.07,38.73,5.00,-28.22
4729.17,41.78,5.03,-26.08
4729.27,43.71,4.88,-23.57
4729.37,44.50,4.55,-20.75
4729.47,44.18,4.03,-17.65
4729.57,42.86,3.32,-14.34
4729.67,40.72,2.44,-10.89
4729.77,37.93,1.41,-7.37
4729.87,34.71,0.24,-3.87
4729.97,31.27,-1.02,-0.46
4730.07,27.81,-2.36,2.77
4730.17,24.51,-3.74,5.74
4730.27,21.53,-5.11,8.37
4730.37,18.96,-6.46,10.61
4730.47,16.89,-7.73,12.40
4730.57,15.37,-8.91,13.70
4730.67,14.39,-9.95,14.49
4730.77,13.93,-10.84,14.77
4730.87,13.95,-11.55,14.54
4730.97,14.39,-12.06,13.85
4731.07,15.18,-12.37,12.73
4731.17,16.22,-12.46,11.27
4731.27,17.45,-12.32,9.54
4731.37,18.77,-11.97,7.64
4731.47,20.13,-11.40,5.66
4731.57,21.46,-10.63,3.68
4731.67,22.70,-9.66,1.82
4731.77,23.83,-8.52,0.14
4731.87,24.80,-7.22,-1.29
4731.97,25.62,-5.79,-2.42
4732.07,26.26,-4.23,-3.23
4732.17,26.73,-2.59,-3.71
4732.27,27.05,-0.87,-3.88
4732.37,27.22,0.88,-3.78
4732.47,27.28,2.66,-3.45
4732.57,27.23,4.43,-2.97
4732.67,27.10,6.18,-2.39
4732.77,26.92,7.89,-1.79
4732.87,26.71,9.53,-1.21
4732.97,26.48,11.09,-0.71
4733.07,26.25,12.56,-0.32
4733.17,26.03,13.91,-0.04
4733.27,25.83,15.14,0.12
4733.37,25.67,16.24,0.17
4733.47,25.53,17.20,0.16
4733.57,25.42,18.01,0.11
4733.67,25.34,18.67,0.05
4733.77,25.28,19.18,0.01
4733.87,25.23,19.53,0.00
4733.97,25.19,19.73,0.04
4734.07,25.15,19.77,0.09
4734.17,25.09,19.67,0.14
4734.27,25.01,19.42,0.15
4734.37,24.89,19.03,0.08
4734.47,24.73,18.50,-0.10
4734.57,24.53,17.85,-0.40
4734.67,24.27,17.08,-0.83
4734.77,23.96,16.20,-1.36
4734.87,23.59,15.22,-1.92
4734.97,23.16,14.15,-2.45
4735.07,22.69,12.99,-2.86
4735.17,22.18,11.76,-3.03
4735.27,21.64,10.47,-2.88
4735.37,21.08,9.14,-2.34
4735.47,20.52,7.75,-1.37
4735.57,19.98,6.34,0.01
4735.67,19.47,4.91,1.73
4735.77,19.02,3.47,3.66
4735.87,18.66,2.04,5.63
4735.97,18.39,0.61,7.43
4736.07,18.26,-0.79,8.84
4736.17,18.28,-2.16,9.63
4736.27,18.47,-3.49,9.62
4736.37,18.84,-4.77,8.71
4736.47,19.42,-5.99,6.83
4736.57,20.22,-7.14,4.05
4736.67,21.24,-8.21,0.52
4736.77,22.48,-9.21,-3.52
4736.87,23.92,-10.11,-7.73
4736.97,25.57,-10.91,-11.74
4737.07,27.39,-11.62,-15.16
4737.17,29.36,-12.21,-17.62
4737.27,31.42,-12.70,-18.81
4737.37,33.53,-13.07,-18.51
4737.47,35.62,-13.33,-16.62
4737.57,37.65,-13.47,-13.18
4737.67,39.53,-13.50,-8.39
4737.77,41.19,-13.41,-2.54
4737.87,42.56,-13.20,3.93
4737.97,43.56,-12.89,10.55
4738.07,44.11,-12.47,16.77
4738.17,44.16,-11.95,22.09
4738.27,43.65,-11.34,26.03
4738.37,42.56,-10.64,28.24
4738.47,40.86,-9.87,28.47
4738.57,38.56,-9.03,26.65
4738.67,35.70,-8.14,22.83
4738.77,32.33,-7.20,17.25
4738.87,28.54,-6.23,10.25
4738.97,24.46,-5.25,2.29
4739.07,20.21,-4.26,-6.08
4739.17,15.97,-3.29,-14.32
4739.27,11.92,-2.33,-21.86
4739.37,8.21,-1.42,-28.24
4739.47,5.07,-0.55,-33.01
4739.57,2.66,0.26,-35.89
4739.67,1.13,0.99,-36.69
4739.77,0.60,1.64,-35.39
4739.87,1.16,2.21,-32.07
4739.97,2.83,2.68,-26.94
4740.07,5.58,3.05,-20.32
4740.17,9.30,3.33,-12.57
4740.27,13.85,3.51,-4.16
4740.37,19.02,3.58,4.47
4740.47,24.51,3.57,12.87
4740.57,30.04,3.48,20.63
4740.67,35.29,3.31,27.40
4740.77,39.96,3.09,32.88
4740.87,43.72,2.81,36.87
4740.97,46.33,2.49,39.25
4741.07,47.61,2.15,39.98
4741.17,47.46,1.80,39.10
4741.27,45.89,1.45,36.72
4741.37,42.99,1.12,33.00
4741.47,38.96,0.81,28.16
4741.57,34.08,0.54,22.47
4741.67,28.74,0.31,16.17
4741.77,23.30,0.12,9.53
4741.87,18.17,-0.02,2.78
4741.97,13.74,-0.12,-3.82
4742.07,10.34,-0.17,-10.07
4742.17,8.21,-0.19,-15.75
4742.27,7.48,-0.19,-20.77
4742.37,8.16,-0.16,-25.01
4742.47,10.15,-0.12,-28.41
4742.57,13.22,-0.08,-30.93
4742.67,17.06,-0.04,-32.57
4742.77,21.31,-0.01,-33.36
4742.87,25.57,-0.00,-33.35
4742.97,29.47,-0.00,-32.61
4743.07,32.66,-0.02,-31.24
4743.17,34.91,-0.04,-29.32
4743.27,36.09,-0.06,-26.94
4743.37,36.16,-0.07,-24.23
4743.47,35.21,-0.06,-21.26
4743.57,33.42,-0.02,-18.11
4743.67,31.04,0.05,-14.90
4743.77,28.36,0.17,-11.69
4743.87,25.69,0.33,-8.56
4743.97,23.28,0.53,-5.56
4744.07,21.36,0.76,-2.73
4744.17,20.06,1.01,-0.12
4744.27,19.42,1.26,2.26
4744.38,19.44,1.48,4.37
4744.48,20.01,1.64,6.21
4744.58,20.99,1.72,7.77
4744.67,22.20,1.68,9.06
4744.77,23.47,1.52,10.09
4744.88,24.65,1.20,10.86
4744.98,25.62,0.73,11.39
4745.08,26.31,0.10,11.70
4745.17,26.71,-0.66,11.83
4745.27,26.82,-1.51,11.77
4745.38,26.71,-2.42,11.55
4745.48,26.43,-3.32,11.21
4745.58,26.08,-4.14,10.75
4745.67,25.71,-4.81,10.21
4745.77,25.37,-5.27,9.60
4745.88,25.09,-5.44,8.92
4745.98,24.88,-5.28,8.22
4746.08,24.73,-4.74,7.50
4746.17,24.63,-3.83,6.77
4746.27,24.55,-2.56,6.05
4746.38,24.49,-0.98,5.34
4746.48,24.45,0.84,4.66
4746.58,24.43,2.80,4.02
4746.68,24.46,4.76,3.42
4746.78,24.57,6.60,2.86
4746.88,24.77,8.17,2.36
4746.98,25.09,9.33,1.91
4747.08,25.52,9.98,1.50
4747.18,26.05,10.01,1.16
4747.28,26.61,9.38,0.86
4747.38,27.16,8.08,0.62
4747.48,27.61,6.15,0.42
4747.58,27.88,3.68,0.27
4747.68,27.91,0.79,0.16
4747.78,27.62,-2.32,0.08
4747.88,27.00,-5.47,0.03
4747.98,26.04,-8.44,0.01
4748.08,24.78,-11.02,0.00
4748.18,23.30,-13.00,0.00
4748.28,21.70,-14.23,0.00
4748.38,20.10,-14.58,-0.00
4748.48,18.66,-13.98,-0.02
4748.58,17.52,-12.45,-0.06
4748.68,16.79,-10.03,-0.12
4748.78,16.58,-6.87,-0.23
4748.88,16.96,-3.14,-0.38
4748.98,17.95,0.92,-0.58
4749.08,19.53,5.06,-0.83
4749.18,21.64,9.00,-1.15
4749.28,24.18,12.49,-1.53
4749.38,27.01,15.28,-1.98
4749.48,29.97,17.19,-2.49
4749.58,32.88,18.07,-3.08
4749.68,35.57,17.85,-3.72
4749.78,37.90,16.53,-4.42
4749.88,39.70,14.18,-5.17
4749.98,40.87,10.92,-5.96
4750.08,41.33,6.96,-6.76
4750.18,41.05,2.54,-7.57
4750.28,40.01,-2.08,-8.36
4750.38,38.26,-6.63,-9.11
4750.48,35.86,-10.83,-9.79
4750.58,32.92,-14.43,-10.37
4750.68,29.54,-17.24,-10.82
4750.78,25.88,-19.09,-11.09
4750.88,22.06,-19.88,-11.17
4750.98,18.25,-19.59,-11.02
4751.08,14.58,-18.25,-10.59
4751.18,11.18,-15.94,-9.88
4751.28,8.17,-12.81,-8.84
4751.38,5.65,-9.04,-7.47
4751.48,3.68,-4.83,-5.74
4751.58,2.32,-0.43,-3.66
4751.68,1.60,3.94,-1.27
4751.78,1.51,8.06,1.44
4751.88,2.04,11.73,4.41
4751.98,3.16,14.79,7.60
4752.08,4.81,17.10,10.93
4752.18,6.95,18.58,14.33
4752.28,9.48,19.20,17.67
4752.38,12.35,18.95,20.85
4752.48,15.44,17.88,23.73
4752.58,18.70,16.08,26.17
4752.68,22.03,13.66,28.06
4752.78,25.37,10.75,29.24
4752.88,28.63,7.50,29.63
4752.98,31.75,4.06,29.10
4753.08,34.66,0.60,27.58
4753.18,37.32,-2.77,25.05
4753.28,39.68,-5.90,21.49
4753.38,41.72,-8.69,16.97
4753.48,43.41,-11.06,11.56
4753.58,44.75,-12.93,5.42
4753.68,45.71,-14.28,-1.24
4753.78,46.30,-15.09,-8.16
4753.88,46.54,-15.36,-15.08
4753.98,46.42,-15.13,-21.66
4754.08,45.98,-14.44,-27.58
4754.18,45.25,-13.35,-32.52
4754.28,44.25,-11.93,-36.17
4754.38,43.00,-10.24,-38.28
4754.48,41.55,-8.36,-38.64
4754.58,39.93,-6.37,-37.15
4754.68,38.19,-4.34,-33.77
4754.78,36.35,-2.34,-28.59
4754.88,34.45,-0.41,-21.81
4754.98,32.52,1.39,-13.73
4755.08,30.62,3.01,-4.79
4755.18,28.76,4.44,4.55
4755.28,26.97,5.65,13.77
4755.38,25.28,6.62,22.26
4755.48,23.73,7.36,29.52
4755.58,22.31,7.87,35.04
4755.68,21.06,8.16,38.45
4755.78,19.99,8.24,39.47
4755.88,19.10,8.14,38.01
4755.98,18.41,7.88,34.13
4756.08,17.90,7.49,28.05
4756.18,17.58,6.98,20.18
4756.28,17.44,6.39,11.05
4756.38,17.48,5.73,1.29
4756.48,17.67,5.04,-8.42
4756.58,17.99,4.33,-17.37
4756.68,18.43,3.63,-24.93
4756.78,18.97,2.95,-30.53
4756.88,19.58,2.30,-33.81
4756.98,20.24,1.69,-34.53
4757.08,20.93,1.14,-32.69
4757.18,21.62,0.65,-28.49
4757.28,22.29,0.23,-22.31
4757.38,22.93,-0.14,-14.66
4757.48,23.51,-0.43,-6.20
4757.58,24.03,-0.67,2.37
4757.68,24.47,-0.84,10.35
4757.78,24.83,-0.96,17.16
4757.88,25.11,-1.03,22.29
4757.98,25.32,-1.06,25.40
4758.08,25.45,-1.05,26.35
4758.18,25.53,-1.01,25.16
4758.28,25.56,-0.94,22.07
4758.38,25.56,-0.86,17.42
4758.48,25.54,-0.76,11.73
4758.58,25.52,-0.65,5.51
4758.68,25.50,-0.55,-0.68
4758.78,25.50,-0.44,-6.31
4758.88,25.51,-0.34,-10.97
4758.98,25.53,-0.25,-14.36
4759.08,25.55,-0.18,-16.31
4759.18,25.57,-0.11,-16.77
4759.28,25.55,-0.06,-15.85
4759.38,25.48,-0.03,-13.79
4759.48,25.34,-0.01,-10.85
4759.58,25.11,-0.00,-7.39
4759.68,24.78,-0.01,-3.76
4759.78,24.35,-0.02,-0.28
4759.88,23.81,-0.05,2.77
4759.98,23.19,-0.08,5.18
4760.08,22.53,-0.12,6.84
4760.18,21.87,-0.15,7.72
4760.28,21.28,-0.19,7.86
4760.38,20.81,-0.22,7.36
4760.48,20.56,-0.23,6.38
4760.58,20.59,-0.24,5.07
4760.68,20.97,-0.23,3.62
4760.78,21.73,-0.20,2.17
4760.88,22.88,-0.14,0.87
4760.98,24.42,-0.06,-0.21
4761.08,26.27,0.05,-1.01
4761.18,28.33,0.19,-1.51
4761.28,30.47,0.36,-1.74
4761.38,32.50,0.57,-1.73
4761.48,34.25,0.81,-1.56
4761.58,35.50,1.09,-1.28
4761.68,36.07,1.40,-0.96
4761.78,35.82,1.75,-0.65
4761.88,34.67,2.13,-0.39
4761.98,32.58,2.54,-0.19
4762.08,29.65,2.97,-0.07
4762.18,26.02,3.43,-0.01
4762.28,21.95,3.91,0.00
4762.38,17.77,4.40,0.00
4762.48,13.85,4.90,0.01
4762.58,10.58,5.39,0.04
4762.68,8.33,5.87,0.13
4762.78,7.40,6.34,0.26
4762.88,8.00,6.77,0.44
4762.98,10.19,7.16,0.65
4763.08,13.89,7.49,0.87
4763.18,18.82,7.77,1.06
4763.28,24.62,7.97,1.18
4763.38,30.76,8.08,1.21
4763.48,36.64,8.09,1.12
4763.58,41.69,8.00,0.87
4763.68,45.35,7.78,0.45
4763.78,47.18,7.44,-0.15
4763.88,46.93,6.96,-0.91
4763.98,44.52,6.34,-1.83
4764.08,40.15,5.57,-2.86
4764.18,34.17,4.66,-3.99
4764.28,27.13,3.61,-5.16
4764.38,19.74,2.41,-6.33
4764.48,12.74,1.09,-7.44
4764.58,6.85,-0.35,-8.44
4764.69,2.69,-1.89,-9.27
4764.79,0.70,-3.52,-9.91
4764.88,1.11,-5.19,-10.30
4764.98,3.90,-6.89,-10.41
4765.08,8.79,-8.58,-10.24
4765.19,15.28,-10.23,-9.74
4765.29,22.68,-11.79,-8.94
4765.38,30.26,-13.24,-7.82
4765.48,37.26,-14.51,-6.41
4765.58,42.96,-15.58,-4.72
4765.69,46.83,-16.40,-2.79
4765.79,48.52,-16.93,-0.65
4765.88,47.90,-17.13,1.67
4765.98,45.12,-16.99,4.11
4766.08,40.50,-16.47,6.65
4766.19,34.55,-15.56,9.24
4766.29,27.93,-14.27,11.85
4766.39,21.26,-12.59,14.41
4766.49,15.18,-10.54,16.91
4766.59,10.26,-8.17,19.30
4766.69,6.87,-5.51,21.56
4766.79,5.26,-2.61,23.66
4766.89,5.47,0.44,25.56
4766.99,7.36,3.57,27.24
4767.09,10.65,6.69,28.71
4767.19,14.95,9.69,29.93
4767.29,19.82,12.48,30.90
4767.39,24.79,14.96,31.62
4767.49,29.44,17.03,32.08
4767.59,33.38,18.60,32.28
4767.69,36.35,19.61,32.23
4767.79,38.20,19.99,31.94
4767.89,38.87,19.70,31.40
4767.99,38.45,18.74,30.64
4768.09,37.06,17.11,29.66
4768.19,34.93,14.84,28.48
4768.29,32.30,12.03,27.10
4768.39,29.44,8.75,25.54
4768.49,26.59,5.11,23.84
4768.59,23.96,1.28,21.99
4768.69,21.73,-2.61,20.01
4768.79,19.99,-6.39,17.92
4768.89,18.82,-9.90,15.69
4768.99,18.20,-12.97,13.39
4769.09,18.11,-15.47,11.03
4769.19,18.46,-17.28,8.59
4769.29,19.16,-18.31,6.13
4769.39,20.11,-18.50,3.63
4769.49,21.18,-17.84,1.10
4769.59,22.29,-16.37,-1.40
4769.69,23.36,-14.14,-3.89
4769.79,24.31,-11.28,-6.36
4769.89,25.10,-7.93,-8.78
4769.99,25.71,-4.25,-11.18
4770.09,26.13,-0.46,-13.50
4770.19,26.39,3.27,-15.74
4770.29,26.49,6.73,-17.89
4770.39,26.47,9.73,-19.93
4770.49,26.37,12.12,-21.86
4770.59,26.21,13.79,-23.66
4770.69,26.02,14.66,-25.30
4770.79,25.83,14.69,-26.79
4770.89,25.65,13.90,-28.12
4770.99,25.50,12.38,-29.26
4771.09,25.38,10.22,-30.22
4771.19,25.28,7.58,-30.99
4771.29,25.20,4.64,-31.55
4771.39,25.12,1.57,-31.89
4771.49,25.04,-1.44,-32.01
4771.59,24.93,-4.19,-31.91
4771.69,24.80,-6.53,-31.58
4771.79,24.63,-8.35,-31.01
4771.89,24.42,-9.55,-30.22
4771.99,24.15,-10.09,-29.20
4772.09,23.85,-9.98,-27.97
4772.19,23.50,-9.26,-26.53
4772.29,23.13,-8.02,-24.89
4772.39,22.74,-6.38,-23.06
4772.49,22.36,-4.47,-21.08
4772.59,21.99,-2.44,-18.95
4772.69,21.66,-0.43,-16.71
4772.79,21.40,1.43,-14.38
4772.89,21.21,3.02,-12.00
4772.99,21.12,4.27,-9.59
4773.09,21.14,5.11,-7.19
4773.19,21.29,5.54,-4.82
4773.29,21.57,5.56,-2.55
4773.39,22.00,5.22,-0.40
4773.49,22.58,4.59,1.61
4773.59,23.31,3.72,3.44
4773.69,24.17,2.73,5.04
4773.79,25.18,1.69,6.41
4773.89,26.31,0.68,7.51
4773.99,27.55,-0.22,8.36
4774.09,28.88,-0.97,8.92
4774.19,30.29,-1.53,9.21
4774.29,31.73,-1.89,9.23
4774.39,33.20,-2.06,9.00
4774.49,34.66,-2.05,8.55
4774.59,36.08,-1.89,7.91
4774.69,37.43,-1.63,7.12
4774.79,38.68,-1.31,6.21
4774.89,39.80,-0.97,5.22
4774.99,40.77,-0.63,4.21
4775.09,41.54,-0.34,3.22
4775.19,42.09,-0.10,2.29
4775.29,42.41,0.07,1.45
4775.39,42.47,0.18,0.73
4775.49,42.25,0.23,0.15
4775.59,41.74,0.23,-0.29
4775.69,40.93,0.19,-0.58
4775.79,39.82,0.14,-0.74
4775.89,38.41,0.09,-0.77
4775.99,36.70,0.05,-0.72
4776.09,34.72,0.02,-0.60
4776.19,32.48,0.00,-0.45
4776.29,30.03,0.00,-0.30
4776.39,27.39,0.01,-0.17
4776.49,24.58,0.01,-0.07
4776.59,21.69,0.00,-0.02
4776.69,18.74,-0.03,-0.00
4776.79,15.80,-0.09,-0.01
4776.89,12.94,-0.18,-0.03
4776.99,10.23,-0.29,-0.03
4777.09,7.72,-0.44,0.02
4777.19,5.49,-0.60,0.15
4777.29,3.61,-0.76,0.36
4777.39,2.12,-0.90,0.66
4777.49,1.09,-1.02,1.05
4777.59,0.58,-1.07,1.48
4777.69,0.60,-1.06,1.92
4777.79,1.20,-0.96,2.29
4777.89,2.36,-0.76,2.52
4777.99,4.10,-0.47,2.55
4778.09,6.38,-0.07,2.28
4778.19,9.14,0.41,1.69
4778.29,12.33,0.97,0.75
4778.39,15.88,1.59,-0.53
4778.49,19.67,2.24,-2.09
4778.59,23.59,2.89,-3.84
4778.69,27.51,3.51,-5.62
4778.79,31.31,4.07,-7.27
4778.89,34.84,4.53,-8.59
4778.99,37.96,4.88,-9.38
4779.09,40.57,5.08,-9.47
4779.19,42.56,5.11,-8.74
4779.29,43.84,4.97,-7.11
4779.39,44.36,4.63,-4.61
4779.49,44.10,4.10,-1.36
4779.59,43.08,3.39,2.46
4779.69,41.33,2.50,6.56
4779.79,38.96,1.47,10.60
4779.89,36.08,0.29,14.19
4779.99,32.83,-0.98,16.96
4780.09,29.39,-2.33,18.54
4780.19,25.93,-3.71,18.69
4780.29,22.64,-5.10,17.23
4780.39,19.69,-6.45,14.15
4780.49,17.21,-7.74,9.58
4780.59,15.34,-8.93,3.81
4780.69,14.16,-9.99,-2.74
4780.79,13.70,-10.89,-9.57
4780.89,13.94,-11.62,-16.08
4780.99,14.83,-12.15,-21.65
4781.09,16.27,-12.47,-25.76
4781.19,18.11,-12.58,-27.97
4781.29,20.20,-12.47,-27.97
4781.39,22.38,-12.13,-25.65
4781.49,24.48,-11.58,-21.09
4781.59,26.35,-10.83,-14.58
4781.69,27.88,-9.88,-6.60
4781.79,28.98,-8.75,2.28
4781.89,29.61,-7.47,11.33
4781.99,29.79,-6.05,19.82
4782.09,29.55,-4.51,27.03
4782.19,28.99,-2.88,32.37
4782.29,28.19,-1.17,35.35
4782.39,27.26,0.58,35.72
4782.49,26.33,2.35,33.40
4782.59,25.48,4.13,28.54
4782.69,24.77,5.88,21.47
4782.79,24.26,7.60,12.72
4782.89,23.95,9.25,2.95
4782.99,23.82,10.82,-7.17
4783.09,23.85,12.30,-16.89
4783.19,23.99,13.67,-25.51
4783.29,24.19,14.93,-32.45
4783.39,24.41,16.06,-37.24
4783.49,24.62,17.04,-39.60
4783.59,24.81,17.89,-39.41
4783.69,24.97,18.58,-36.73
4783.79,25.13,19.12,-31.80
4783.89,25.28,19.51,-24.95
4783.99,25.44,19.74,-16.71
4784.09,25.60,19.82,-7.58
4784.19,25.76,19.74,1.82
4784.29,25.88,19.53,10.95
4784.40,25.92,19.17,19.32
4784.50,25.83,18.68,26.46
4784.60,25.58,18.06,32.04
4784.69,25.15,17.32,35.85
4784.79,24.54,16.47,37.76
4784.90,23.79,15.52,37.77
4785.00,22.97,14.47,35.98
4785.10,22.20,13.34,32.60
4785.19,21.60,12.14,27.88
4785.29,21.28,10.87,22.12
4785.40,21.36,9.55,15.67
4785.50,21.92,8.18,8.86
4785.60,22.98,6.78,2.01
4785.69,24.49,5.36,-4.58
4785.79,26.35,3.93,-10.66
4785.90,28.39,2.50,-15.98
4786.00,30.38,1.08,-20.43
4786.10,32.08,-0.33,-23.90
4786.19,33.26,-1.70,-26.35
4786.29,33.72,-3.04,-27.78
4786.40,33.33,-4.32,-28.21
4786.50,32.00,-5.55,-27.75
4786.60,29.81,-6.71,-26.49
4786.70,26.88,-7.80,-24.56
4786.80,23.46,-8.81,-22.09
4786.90,19.84,-9.73,-19.21
4787.00,16.37,-10.56,-16.08
4787.10,13.39,-11.29,-12.81
4787.20,11.24,-11.91,-9.52
4787.30,10.15,-12.42,-6.31
4787.40,10.30,-12.82,-3.27
4787.50,11.75,-13.11,-0.47
4787.60,14.41,-13.28,2.05
4787.70,18.14,-13.33,4.24
4787.80,22.63,-13.27,6.09
4787.90,27.57,-13.09,7.58
4788.00,32.54,-12.80,8.73
4788.10,37.18,-12.40,9.55
4788.20,41.10,-11.91,10.06
4788.30,43.98,-11.32,10.30
4788.40,45.60,-10.64,10.28
4788.50,45.82,-9.88,10.05
4788.60,44.62,-9.06,9.65
4788.70,42.07,-8.19,9.11
4788.80,38.34,-7.26,8.47
4788.90,33.68,-6.31,7.75
4789.00,28.40,-5.34,6.98
4789.10,22.83,-4.36,6.20
4789.20,17.36,-3.39,5.43
4789.30,12.27,-2.44,4.67
4789.40,7.86,-1.53,3.95
4789.50,4.37,-0.67,3.28
4789.60,1.97,0.14,2.67
4789.70,0.77,0.87,2.13
4789.80,0.78,1.53,1.66
4789.90,1.97,2.09,1.25
4790.00,4.23,2.57,0.91
4790.10,7.41,2.94,0.63
4790.20,11.31,3.22,0.42
4790.30,15.73,3.41,0.26
4790.40,20.44,3.49,0.14
4790.50,25.23,3.48,0.07
4790.60,29.88,3.40,0.02
4790.70,34.19,3.24,0.00
4790.80,38.03,3.02,-0.00
4790.90,41.27,2.74,-0.00
4791.00,43.83,2.44,-0.00
4791.10,45.65,2.10,-0.01
4791.20,46.72,1.76,-0.03
4791.30,47.05,1.42,-0.08
4791.40,46.69,1.09,-0.15
4791.50,45.70,0.79,-0.26
4791.60,44.16,0.53,-0.41
4791.70,42.18,0.30,-0.61
4791.80,39.83,0.12,-0.85
4791.90,37.24,-0.02,-1.14
4792.00,34.49,-0.11,-1.48
4792.10,31.69,-0.16,-1.87
4792.20,28.92,-0.18,-2.32
4792.30,26.25,-0.17,-2.82
4792.40,23.76,-0.14,-3.37
4792.50,21.50,-0.11,-3.97
4792.60,19.49,-0.07,-4.60
4792.70,17.78,-0.03,-5.27
4792.80,16.38,-0.01,-5.96
4792.90,15.29,-0.00,-6.68
4793.00,14.51,-0.00,-7.41
4793.10,14.02,-0.02,-8.13
4793.20,13.81,-0.04,-8.84
4793.30,13.86,-0.06,-9.53
4793.40,14.12,-0.07,-10.17
4793.50,14.58,-0.06,-10.76
4793.60,15.20,-0.02,-11.27
4793.70,15.95,0.06,-11.69
4793.80,16.79,0.18,-11.99
4793.90,17.69,0.35,-12.15
4794.00,18.62,0.56,-12.17
4794.10,19.56,0.80,-12.02
4794.20,20.47,1.05,-11.67
4794.30,21.35,1.30,-11.11
4794.40,22.18,1.52,-10.33
4794.50,22.93,1.69,-9.30
4794.60,23.60,1.76,-8.03
4794.70,24.18,1.72,-6.49
4794.80,24.68,1.54,-4.68
4794.90,25.08,1.20,-2.61
4795.00,25.40,0.71,-0.30
4795.10,25.63,0.06,2.26
4795.20,25.79,-0.72,5.01
4795.30,25.88,-1.59,7.96
4795.40,25.92,-2.51,11.03
4795.50,25.91,-3.42,14.20
4795.60,25.87,-4.24,17.40
4795.70,25.81,-4.91,20.55
4795.80,25.73,-5.35,23.58
4795.90,25.66,-5.50,26.42
4796.00,25.59,-5.30,28.97
4796.10,25.54,-4.74,31.13
4796.20,25.51,-3.79,32.82
4796.30,25.50,-2.47,33.94
4796.40,25.51,-0.85,34.41
4796.50,25.55,1.00,34.14
4796.60,25.59,2.98,33.08
4796.70,25.65,4.95,31.20
4796.80,25.69,6.79,28.46
4796.90,25.72,8.34,24.88
4797.00,25.73,9.47,20.51
4797.10,25.68,10.07,15.37
4797.20,25.58,10.04,9.61
4797.30,25.39,9.35,3.36
4797.40,25.12,7.99,-3.20
4797.50,24.76,6.00,-9.87
4797.60,24.29,3.47,-16.42
4797.70,23.72,0.54,-22.64
4797.80,23.05,-2.60,-28.25
4797.90,22.30,-5.76,-33.01
4798.00,21.49,-8.71,-36.67
4798.10,20.64,-11.26,-39.04
4798.20,19.80,-13.19,-39.97
4798.30,19.01,-14.35,-39.35
4798.40,18.31,-14.62,-37.14
4798.50,17.78,-13.94,-33.35
4798.60,17.45,-12.32,-28.12
4798.70,17.38,-9.83,-21.62
4798.80,17.64,-6.60,-14.14
4798.90,18.25,-2.82,-6.00
4799.00,19.24,1.27,2.41
4799.10,20.63,5.41,10.66
4799.20,22.40,9.34,18.30
4799.30,24.51,12.78,24.94
4799.40,26.92,15.51,30.21
4799.50,29.52,17.34,33.81
4799.60,32.20,18.13,35.49
4799.70,34.82,17.82,35.18
4799.80,37.24,16.40,32.87
4799.90,39.28,13.97,28.72
4800.00,40.79,10.65,22.97
4800.10,41.62,6.64,16.02
4800.20,41.63,2.20,8.32
4800.30,40.74,-2.43,0.34
4800.40,38.92,-6.96,-7.36
4800.50,36.17,-11.12,-14.28
4800.60,32.58,-14.67,-19.97
4800.70,28.31,-17.42,-24.07
4800.80,23.58,-19.19,-26.36
4800.90,18.64,-19.91,-26.74
4801.00,13.82,-19.54,-25.24
4801.10,9.46,-18.13,-22.06
4801.20,5.90,-15.75,-17.50
4801.30,3.46,-12.57,-11.97
4801.40,2.37,-8.76,-5.94
4801.50,2.81,-4.54,0.11
4801.60,4.82,-0.14,5.70
4801.70,8.35,4.21,10.42
4801.80,13.20,8.30,13.97
4801.90,19.08,11.92,16.16
4802.00,25.54,14.93,16.92
4802.10,32.10,17.18,16.29
4802.20,38.24,18.61,14.45
4802.30,43.43,19.18,11.66
4802.40,47.21,18.88,8.25
4802.50,49.23,17.78,4.57
4802.60,49.26,15.95,0.95
4802.70,47.25,13.51,-2.30
4802.80,43.35,10.60,-4.93
4802.90,37.88,7.35,-6.81
4803.00,31.30,3.93,-7.86
4803.10,24.21,0.48,-8.09
4803.20,17.24,-2.86,-7.61
4803.30,11.07,-5.97,-6.57
4803.40,6.23,-8.73,-5.15
4803.50,3.19,-11.07,-3.55
4803.60,2.22,-12.92,-1.95
4803.70,3.39,-14.24,-0.52
4803.80,6.55,-15.03,0.65
4803.90,11.36,-15.29,1.48
4804.00,17.31,-15.05,1.96
4804.10,23.79,-14.36,2.12
4804.20,30.12,-13.27,2.02
4804.30,35.71,-11.85,1.73
4804.40,40.02,-10.17,1.34
4804.50,42.68,-8.31,0.93
4804.60,43.49,-6.34,0.57
4804.71,42.47,-4.33,0.28
4804.81,39.80,-2.34,0.09
4804.90,35.85,-0.43,-0.01
4805.00,31.09,1.35,-0.04
4805.10,26.06,2.96,-0.02
4805.21,21.30,4.37,-0.00
4805.31,17.26,5.56,-0.00
4805.40,14.28,6.53,-0.04
4805.50,12.59,7.26,-0.12
4805.60,12.24,7.76,-0.22
4805.71,13.16,8.05,-0.33
4805.81,15.12,8.14,-0.40
4805.90,17.83,8.04,-0.39
4806.00,20.94,7.79,-0.28
4806.10,24.09,7.40,-0.02
4806.21,26.95,6.90,0.38
4806.31,29.29,6.32,0.93
4806.41,30.92,5.68,1.61
4806.51,31.78,5.00,2.37
4806.61,31.90,4.31,3.15
4806.71,31.36,3.62,3.87
4806.81,30.32,2.94,4.45
4806.91,28.96,2.31,4.83
4807.01,27.47,1.71,4.93
4807.11,26.02,1.17,4.69
4807.21,24.75,0.69,4.09
4807.31,23.75,0.27,3.10
4807.41,23.07,-0.09,1.73
4807.51,22.71,-0.38,0.03
4807.61,22.65,-0.61,-1.94
4807.71,22.81,-0.79,-4.11
4807.81,23.13,-0.91,-6.38
4807.91,23.54,-0.98,-8.64
4808.01,23.97,-1.01,-10.78
4808.11,24.37,-1.00,-12.69
4808.21,24.71,-0.96,-14.28
4808.31,24.97,-0.89,-15.43
4808.41,25.16,-0.81,-16.12
4808.51,25.29,-0.72,-16.24
4808.61,25.37,-0.62,-15.79
4808.71,25.43,-0.51,-14.76
4808.81,25.48,-0.41,-13.17
4808.91,25.52,-0.32,-11.05
4809.01,25.57,-0.23,-8.44
4809.11,25.61,-0.16,-5.42
4809.21,25.62,-0.10,-2.07
4809.31,25.58,-0.05,1.54
4809.41,25.48,-0.02,5.29
4809.51,25.29,-0.00,9.08
4809.61,25.00,-0.00,12.83
4809.71,24.60,-0.01,16.46
4809.81,24.11,-0.03,19.88
4809.91,23.54,-0.06,23.02
4810.01,22.92,-0.09,25.82
4810.11,22.28,-0.13,28.23
4810.21,21.67,-0.17,30.22
4810.31,21.14,-0.21,31.74
4810.41,20.73,-0.24,32.78
4810.51,20.49,-0.26,33.34
4810.61,20.46,-0.27,33.42
4810.71,20.66,-0.26,33.03
4810.81,21.12,-0.23,32.20
4810.91,21.84,-0.18,30.96
4811.01,22.81,-0.10,29.33
4811.11,24.01,0.01,27.36
4811.21,25.42,0.15,25.08
4811.31,27.00,0.32,22.52
4811.41,28.68,0.53,19.76
4811.51,30.41,0.77,16.81
4811.61,32.14,1.05,13.71
4811.71,33.80,1.37,10.51
4811.81,35.34,1.72,7.25
4811.91,36.71,2.11,3.96
4812.01,37.85,2.52,0.69
4812.11,38.71,2.96,-2.53
4812.21,39.27,3.43,-5.72
4812.31,39.51,3.92,-8.80
4812.41,39.40,4.42,-11.74
4812.51,38.93,4.93,-14.58
4812.61,38.11,5.43,-17.23
4812.71,36.97,5.92,-19.74
4812.81,35.50,6.40,-22.08
4812.91,33.75,6.84,-24.23
4813.01,31.75,7.24,-26.19
4813.11,29.53,7.60,-27.95
4813.21,27.13,7.88,-29.50
4813.31,24.61,8.10,-30.84
4813.41,22.02,8.22,-31.97
4813.51,19.39,8.24,-32.89
4813.61,16.79,8.16,-33.62
4813.71,14.25,7.95,-34.14
4813.81,11.82,7.61,-34.47
4813.91,9.55,7.14,-34.61
4814.01,7.47,6.52,-34.56
4814.11,5.62,5.76,-34.33
4814.21,4.03,4.85,-33.92
4814.31,2.74,3.79,-33.36
4814.41,1.75,2.59,-32.62
4814.51,1.09,1.27,-31.75
4814.61,0.77,-0.18,-30.74
4814.71,0.78,-1.74,-29.59
4814.81,1.15,-3.38,-28.32
4814.91,1.85,-5.07,-26.93
4815.01,2.87,-6.79,-25.45
4815.11,4.21,-8.49,-23.89
4815.21,5.84,-10.17,-22.23
4815.31,7.73,-11.76,-20.52
4815.41,9.87,-13.22,-18.76
4815.51,12.20,-14.52,-16.96
4815.61,14.71,-15.61,-15.14
4815.71,17.33,-16.44,-13.29
4815.81,20.04,-16.99,-11.46
4815.91,22.79,-17.21,-9.65
4816.01,25.54,-17.08,-7.87
4816.11,28.23,-16.56,-6.14
4816.21,30.83,-15.66,-4.48
4816.31,33.27,-14.36,-2.89
4816.41,35.54,-12.67,-1.40
4816.51,37.57,-10.61,-0.01
4816.61,39.35,-8.22,1.26
4816.71,40.81,-5.54,2.40
4816.81,41.96,-2.63,3.39
4816.91,42.76,0.44,4.24
4817.01,43.20,3.58,4.94
4817.11,43.27,6.71,5.49
4817.21,42.97,9.72,5.89
4817.31,42.31,12.52,6.12
4817.41,41.32,15.00,6.22
4817.51,40.03,17.07,6.18
4817.61,38.46,18.64,6.01
4817.71,36.66,19.63,5.72
4817.81,34.70,19.99,5.34
4817.91,32.62,19.68,4.89
4818.01,30.47,18.69,4.37
4818.11,28.34,17.04,3.82
4818.21,26.27,14.75,3.25
4818.31,24.33,11.91,2.68
4818.41,22.56,8.60,2.14
4818.51,21.04,4.95,1.64
4818.61,19.79,1.11,1.20
4818.71,18.83,-2.78,0.82
4818.81,18.19,-6.56,0.51
4818.91,17.87,-10.04,0.28
4819.01,17.85,-13.09,0.12
4819.11,18.10,-15.56,0.03
4819.21,18.61,-17.32,-0.02
4819.31,19.32,-18.31,-0.03
4819.41,20.18,-18.45,-0.01
4819.51,21.13,-17.74,-0.00
4819.61,22.11,-16.21,-0.01
4819.71,23.07,-13.94,-0.04
4819.81,23.96,-11.05,-0.12
4819.91,24.74,-7.67,-0.25
4820.01,25.38,-3.98,-0.42
4820.11,25.86,-0.19,-0.62
4820.21,26.18,3.51,-0.83
4820.31,26.35,6.94,-1.03
4820.41,26.38,9.89,-1.17
4820.51,26.31,12.23,-1.21
4820.61,26.16,13.83,-1.12
4820.71,25.97,14.63,-0.87
4820.81,25.77,14.60,-0.41
4820.91,25.57,13.76,0.25
4821.01,25.39,12.18,1.12
4821.11,25.23,9.99,2.18
4821.21,25.10,7.32,3.37
4821.31,24.97,4.37,4.62
4821.41,24.84,1.31,5.85
4821.51,24.68,-1.67,6.92
4821.61,24.50,-4.38,7.72
4821.71,24.30,-6.68,8.13
4821.81,24.09,-8.43,8.03
4821.91,23.90,-9.56,7.33
4822.01,23.77,-10.04,5.98
4822.11,23.75,-9.88,3.96
4822.21,23.88,-9.11,1.34
4822.31,24.20,-7.84,-1.79
4822.41,24.74,-6.18,-5.23
4822.51,25.48,-4.27,-8.76
4822.61,26.38,-2.25,-12.12
4822.71,27.38,-0.26,-15.00
4822.81,28.37,1.56,-17.11
4822.91,29.21,3.11,-18.17
4823.01,29.78,4.32,-17.97
4823.11,29.93,5.12,-16.37
4823.21,29.56,5.51,-13.38
4823.31,28.61,5.50,-9.08
4823.41,27.09,5.13,-3.67
4823.51,25.07,4.47,2.48
4823.61,22.71,3.60,8.95
4823.71,20.24,2.61,15.21
4823.81,17.91,1.58,20.75
4823.91,16.01,0.59,25.01
4824.01,14.84,-0.29,27.57
4824.11,14.62,-1.01,28.06
4824.21,15.48,-1.55,26.33
4824.31,17.46,-1.88,22.36
4824.42,20.46,-2.03,16.36
4824.52,24.27,-2.00,8.69
4824.62,28.51,-1.84,-0.04
4824.71,32.77,-1.58,-9.18
4824.81,36.59,-1.25,-17.95
4824.92,39.50,-0.92,-25.63
4825.02,41.11,-0.59,-31.48
4825.12,41.15,-0.31,-34.96
4825.21,39.52,-0.08,-35.69
4825.31,36.28,0.08,-33.52
4825.42,31.67,0.18,-28.57
4825.52,26.12,0.22,-21.16
4825.62,20.15,0.21,-11.87
4825.71,14.38,0.18,-1.41
4825.81,9.40,0.13,9.33
4825.92,5.76,0.08,19.50
4826.02,3.87,0.04,28.23
4826.12,3.97,0.01,34.84
4826.21,6.12,0.00,38.74
4826.31,10.14,0.00,39.63
4826.42,15.69,0.01,37.44
4826.52,22.24,0.01,32.35
4826.62,29.20,0.00,24.79
4826.72,35.89,-0.03,15.37
4826.82,41.68,-0.10,4.86
4826.92,46.07,-0.19,-5.95
4827.02,48.63,-0.32,-16.23
4827.12,49.14,-0.47,-25.19
4827.22,47.58,-0.63,-32.22
4827.32,44.10,-0.80,-36.86
4827.42,39.05,-0.94,-38.83
4827.52,32.87,-1.05,-38.09
4827.62,26.10,-1.10,-34.77
4827.72,19.32,-1.08,-29.22
4827.82,13.07,-0.98,-21.89
4827.92,7.82,-0.77,-13.36
4828.02,3.96,-0.47,-4.24
4828.12,1.72,-0.06,4.83
4828.22,1.22,0.44,13.26
4828.32,2.40,1.01,20.56
4828.42,5.12,1.64,26.34
4828.52,9.09,2.30,30.32
4828.62,13.98,2.95,32.39
4828.72,19.39,3.58,32.54
4828.82,24.93,4.14,30.89
4828.92,30.24,4.61,27.67
4829.02,34.99,4.96,23.18
4829.12,38.91,5.16,17.77
4829.22,41.83,5.19,11.80
4829.32,43.63,5.04,5.65
4829.42,44.30,4.69,-0.38
4829.52,43.90,4.16,-5.96
4829.62,42.54,3.44,-10.86
4829.72,40.38,2.54,-14.89
4829.82,37.61,1.50,-17.95
4829.92,34.44,0.31,-19.99
4830.02,31.06,-0.97,-21.00
4830.12,27.68,-2.33,-21.07
4830.22,24.47,-3.72,-20.31
4830.32,21.56,-5.11,-18.83
4830.42,19.08,-6.48,-16.78
4830.52,17.08,-7.78,-14.33
4830.62,15.61,-8.97,-11.62
4830.72,14.67,-10.04,-8.82
4830.82,14.23,-10.96,-6.04
4830.92,14.26,-11.70,-3.39
4831.02,14.69,-12.24,-0.97
4831.12,15.44,-12.57,1.17
4831.22,16.45,-12.69,2.97
4831.32,17.63,-12.59,4.41
4831.42,18.90,-12.27,5.50
4831.52,20.20,-11.73,6.25
4831.62,21.48,-10.99,6.67
4831.72,22.67,-10.06,6.82
4831.82,23.75,-8.95,6.72
4831.92,24.69,-7.68,6.42
4832.02,25.47,-6.26,5.96
4832.12,26.09,-4.73,5.40
4832.22,26.55,-3.11,4.77
4832.32,26.86,-1.41,4.11
4832.42,27.03,0.34,3.45
4832.52,27.09,2.11,2.82
4832.62,27.05,3.89,2.23
4832.72,26.93,5.65,1.71
4832.82,26.77,7.36,1.26
4832.92,26.57,9.02,0.89
4833.02,26.36,10.61,0.59
4833.12,26.15,12.10,0.36
4833.22,25.95,13.49,0.19
4833.32,25.78,14.76,0.09
4833.42,25.63,15.91,0.02
4833.52,25.51,16.92,-0.00
4833.62,25.41,17.78,-0.01
4833.72,25.35,18.50,-0.01
4833.82,25.30,19.06,-0.00
4833.92,25.26,19.48,-0.01
4834.02,25.23,19.74,-0.03
4834.12,25.19,19.84,-0.09
4834.22,25.13,19.80,-0.18
4834.32,25.05,19.62,-0.31
4834.42,24.93,19.29,-0.49
4834.52,24.76,18.82,-0.71
4834.62,24.55,18.23,-0.99
4834.72,24.28,17.52,-1.31
4834.82,23.95,16.70,-1.68
4834.92,23.56,15.76,-2.10
4835.02,23.12,14.74,-2.55
4835.12,22.63,13.63,-3.05
4835.22,22.09,12.44,-3.58
4835.32,21.52,11.19,-4.13
4835.42,20.93,9.88,-4.70
4835.52,20.34,8.53,-5.28
4835.62,19.77,7.14,-5.86
4835.72,19.22,5.73,-6.44
4835.82,18.74,4.31,-7.01
4835.92,18.34,2.87,-7.55
4836.02,18.04,1.45,-8.06
4836.12,17.88,0.05,-8.53
4836.22,17.86,-1.33,-8.94
4836.32,18.03,-2.67,-9.29
4836.42,18.38,-3.96,-9.58
4836.52,18.95,-5.20,-9.79
4836.62,19.74,-6.37,-9.89
4836.72,20.76,-7.47,-9.89
4836.82,22.01,-8.49,-9.79
4836.92,23.48,-9.43,-9.57
4837.02,25.15,-10.28,-9.22
4837.12,27.02,-11.02,-8.72
4837.22,29.03,-11.66,-8.09
4837.32,31.14,-12.19,-7.31
4837.42,33.31,-12.61,-6.37
4837.52,35.48,-12.91,-5.26
4837.62,37.58,-13.10,-4.00
4837.72,39.54,-13.17,-2.57
4837.82,41.27,-13.13,-0.99
4837.92,42.71,-12.97,0.75
4838.02,43.77,-12.70,2.65
4838.12,44.38,-12.33,4.70
4838.22,44.48,-11.85,6.88
4838.32,44.00,-11.28,9.17
4838.42,42.93,-10.61,11.57
4838.52,41.22,-9.87,14.06
4838.62,38.90,-9.07,16.60
4838.72,36.00,-8.20,19.15
4838.82,32.58,-7.29,21.69
4838.92,28.73,-6.35,24.18
4839.02,24.57,-5.38,26.60
4839.12,20.26,-4.41,28.88
4839.22,15.96,-3.45,30.98
4839.32,11.85,-2.51,32.84
4839.42,8.12,-1.60,34.43
4839.52,4.97,-0.74,35.68
4839.62,2.55,0.06,36.55
4839.72,1.05,0.79,36.97
4839.82,0.57,1.44,36.91
4839.92,1.19,2.01,36.34
4840.02,2.94,2.48,35.20
4840.12,5.77,2.86,33.47
4840.22,9.58,3.14,31.14
4840.32,14.20,3.32,28.23
4840.42,19.41,3.41,24.74
4840.52,24.95,3.41,20.69
4840.62,30.50,3.32,16.13
4840.72,35.72,3.17,11.13
4840.82,40.30,2.95,5.78
4840.92,43.95,2.68,0.18
4841.02,46.42,2.38,-5.54
4841.12,47.54,2.05,-11.25
4841.22,47.23,1.71,-16.80
4841.32,45.50,1.38,-22.03
4841.42,42.47,1.06,-26.81
4841.52,38.34,0.77,-30.94
4841.62,33.40,0.51,-34.27
4841.72,28.04,0.29,-36.68
4841.82,22.63,0.12,-38.04
4841.92,17.61,-0.02,-38.28
4842.02,13.33,-0.10,-37.34
4842.12,10.13,-0.15,-35.21
4842.22,8.20,-0.17,-31.95
4842.32,7.69,-0.16,-27.62
4842.42,8.57,-0.13,-22.38
4842.52,10.72,-0.09,-16.38
4842.62,13.89,-0.06,-9.85
4842.72,17.78,-0.03,-3.07
4842.82,22.01,-0.01,3.69
4842.92,26.19,-0.00,10.15
4843.02,29.94,-0.01,16.01
4843.12,32.95,-0.03,21.01
4843.22,35.00,-0.05,24.93
4843.32,35.98,-0.07,27.58
4843.42,35.87,-0.08,28.84
4843.52,34.78,-0.06,28.67
4843.62,32.90,-0.02,27.08
4843.72,30.49,0.07,24.19
4843.82,27.84,0.20,20.20
4843.92,25.25,0.37,15.34
4844.02,22.96,0.59,9.91
4844.12,21.18,0.84,4.25
4844.22,20.03,1.10,-1.32
4844.32,19.54,1.35,-6.46
4844.42,19.66,1.58,-10.86
4844.52,20.31,1.73,-14.29
4844.62,21.31,1.80,-16.59
4844.73,22.51,1.74,-17.66
4844.83,23.74,1.55,-17.52
4844.92,24.85,1.19,-16.26
4845.02,25.74,0.68,-14.03
4845.12,26.35,0.01,-11.07
4845.23,26.67,-0.79,-7.65
4845.33,26.73,-1.68,-4.07
4845.42,26.58,-2.61,-0.60
4845.52,26.30,-3.52,2.50
4845.62,25.96,-4.35,5.05
4845.73,25.61,-5.01,6.89
4845.83,25.30,-5.43,7.95
4845.92,25.04,-5.55,8.26
4846.02,24.86,-5.32,7.87
4846.12,24.72,-4.72,6.92
4846.23,24.62,-3.72,5.57
4846.33,24.54,-2.37,4.00
4846.43,24.47,-0.71,2.38
4846.53,24.42,1.17,0.89
4846.63,24.40,3.16,-0.36
4846.73,24.44,5.15,-1.30
4846.83,24.57,6.98,-1.89
4846.93,24.80,8.50,-2.14
4847.03,25.16,9.60,-2.11
4847.13,25.63,10.15,-1.86
4847.23,26.19,10.07,-1.48
4847.33,26.78,9.32,-1.05
4847.43,27.34,7.89,-0.65
4847.53,27.78,5.84,-0.33
4847.63,28.03,3.26,-0.11
4847.73,28.01,0.29,0.01
4847.83,27.66,-2.87,0.05
4847.93,26.97,-6.04,0.04
4848.03,25.93,-8.98,0.01
4848.13,24.59,-11.49,0.00
4848.23,23.04,-13.37,0.02
4848.33,21.39,-14.46,0.09
4848.43,19.77,-14.66,0.17
4848.53,18.33,-13.89,0.25
4848.63,17.20,-12.19,0.27
4848.73,16.52,-9.62,0.21
4848.83,16.37,-6.32,0.02
4848.93,16.84,-2.51,-0.32
4849.03,17.92,1.61,-0.80
4849.13,19.59,5.76,-1.40
4849.23,21.79,9.66,-2.06
4849.33,24.40,13.07,-2.70
4849.43,27.28,15.73,-3.24
4849.53,30.28,17.48,-3.57
4849.63,33.22,18.19,-3.60
4849.73,35.93,17.78,-3.27
4849.83,38.24,16.28,-2.53
4849.93,40.02,13.76,-1.36
4850.03,41.17,10.38,0.19
4850.13,41.59,6.32,2.04
4850.23,41.27,1.84,4.09
4850.33,40.20,-2.79,6.18
4850.43,38.42,-7.30,8.15
4850.53,35.98,-11.42,9.81
4850.63,33.01,-14.92,11.01
4850.73,29.62,-17.59,11.61
4850.83,25.95,-19.29,11.49
4850.93,22.14,-19.93,10.60
4851.03,18.33,-19.48,8.91
4851.13,14.66,-17.99,6.49
4851.23,11.25,-15.56,3.42
4851.33,8.23,-12.33,-0.15
4851.43,5.69,-8.49,-4.07
4851.53,3.69,-4.26,-8.12
4851.63,2.28,0.14,-12.07
4851.73,1.50,4.48,-15.72
4851.83,1.35,8.53,-18.87
4851.93,1.81,12.12,-21.32
4852.03,2.86,15.07,-22.95
4852.13,4.45,17.27,-23.64
4852.23,6.50,18.64,-23.33
4852.33,8.96,19.15,-22.03
4852.43,11.76,18.81,-19.75
4852.53,14.80,17.67,-16.59
4852.63,18.00,15.81,-12.67
4852.73,21.29,13.35,-8.11
4852.83,24.60,10.42,-3.08
4852.93,27.84,7.18,2.23
4853.03,30.95,3.77,7.65
4853.13,33.86,0.33,12.97
4853.23,36.54,-2.98,18.04
4853.33,38.94,-6.06,22.70
4853.43,41.03,-8.79,26.83
4853.53,42.78,-11.09,30.32
4853.63,44.17,-12.91,33.06
4853.73,45.20,-14.21,35.01
4853.83,45.87,-14.97,36.15
4853.93,46.19,-15.22,36.47
4854.03,46.16,-14.97,35.99
4854.13,45.81,-14.27,34.74
4854.23,45.16,-13.18,32.79
4854.33,44.23,-11.76,30.21
4854.43,43.07,-10.09,27.07
4854.53,41.70,-8.24,23.47
4854.63,40.15,-6.29,19.50
4854.73,38.47,-4.29,15.26
4854.83,36.68,-2.32,10.84
4854.93,34.83,-0.44,6.29
4855.03,32.96,1.32,1.74
4855.13,31.09,2.91,-2.74
4855.23,29.26,4.31,-7.12
4855.33,27.50,5.49,-11.30
4855.43,25.82,6.44,-15.22
4855.53,24.27,7.17,-18.88
4855.63,22.86,7.66,-22.24
4855.73,21.60,7.95,-25.24
4855.83,20.52,8.04,-27.90
4855.93,19.62,7.94,-30.19
4856.03,18.90,7.70,-32.12
4856.13,18.37,7.31,-33.66
4856.23,18.03,6.83,-34.85
4856.33,17.86,6.25,-35.69
4856.43,17.86,5.62,-36.20
4856.53,18.01,4.96,-36.41
4856.63,18.30,4.27,-36.31
4856.73,18.70,3.60,-35.94
4856.83,19.21,2.94,-35.32
4856.93,19.78,2.31,-34.48
4857.03,20.41,1.73,-33.44
4857.13,21.07,1.19,-32.22
4857.23,21.73,0.72,-30.85
4857.33,22.37,0.31,-29.34
4857.43,22.98,-0.05,-27.72
4857.53,23.54,-0.34,-26.01
4857.63,24.03,-0.56,-24.24
4857.73,24.45,-0.73,-22.42
4857.83,24.80,-0.85,-20.57
4857.93,25.06,-0.92,-18.69
4858.03,25.26,-0.95,-16.83
4858.13,25.39,-0.95,-14.98
4858.23,25.47,-0.91,-13.16
4858.33,25.50,-0.85,-11.37
4858.43,25.51,-0.77,-9.63
4858.53,25.50,-0.68,-7.96
4858.63,25.49,-0.58,-6.37
4858.73,25.49,-0.48,-4.86
4858.83,25.50,-0.39,-3.41
4858.93,25.53,-0.30,-2.06
4859.03,25.57,-0.21,-0.81
4859.13,25.60,-0.14,0.33
4859.23,25.62,-0.09,1.37
4859.33,25.60,-0.04,2.31
4859.43,25.52,-0.02,3.14
4859.53,25.37,-0.00,3.85
4859.63,25.12,-0.00,4.46
4859.73,24.76,-0.01,4.96
4859.83,24.29,-0.04,5.35
4859.93,23.71,-0.07,5.63
4860.03,23.06,-0.11,5.81
4860.13,22.36,-0.15,5.90
4860.23,21.67,-0.19,5.89
4860.33,21.06,-0.23,5.80
4860.43,20.60,-0.26,5.62
4860.53,20.36,-0.28,5.38
4860.63,20.43,-0.29,5.08
4860.73,20.86,-0.29,4.73
4860.83,21.69,-0.26,4.33
4860.93,22.94,-0.21,3.91
4861.03,24.57,-0.13,3.47
4861.13,26.51,-0.02,3.02
4861.23,28.65,0.12,2.58
4861.33,30.85,0.29,2.15
4861.43,32.91,0.50,1.74
4861.53,34.64,0.75,1.37
4861.63,35.83,1.03,1.03
4861.73,36.30,1.35,0.74
4861.83,35.92,1.71,0.50
4861.93,34.60,2.10,0.31
4862.03,32.33,2.52,0.17
4862.13,29.21,2.97,0.08
4862.23,25.44,3.44,0.03
4862.33,21.25,3.94,0.00
4862.43,17.02,4.45,0.00
4862.53,13.13,4.96,0.00
4862.63,9.96,5.48,0.00
4862.73,7.89,5.98,-0.02
4862.83,7.21,6.46,-0.09
4862.93,8.11,6.92,-0.20
4863.03,10.60,7.33,-0.38
4863.13,14.59,7.69,-0.63
4863.23,19.77,7.99,-0.95
4863.33,25.72,8.21,-1.35
4863.43,31.90,8.35,-1.81
4863.53,37.72,8.38,-2.31
4863.63,42.57,8.30,-2.83
4863.73,45.94,8.10,-3.34
4863.83,47.40,7.77,-3.80
4863.93,46.73,7.30,-4.16
4864.03,43.92,6.68,-4.37
4864.13,39.16,5.91,-4.38
4864.23,32.89,5.00,-4.15
4864.33,25.72,3.93,-3.63
4864.44,18.32,2.72,-2.79
4864.54,11.46,1.38,-1.61
4864.63,5.85,-0.08,-0.10
4864.73,2.09,-1.65,1.71
4864.83,0.57,-3.30,3.77
4864.94,1.47,-5.01,6.00
4865.04,4.72,-6.75,8.30
4865.13,9.97,-8.47,10.54
4865.23,16.68,-10.16,12.56
4865.33,24.17,-11.77,14.21
4865.44,31.69,-13.25,15.32
4865.54,38.45,-14.56,15.74
4865.63,43.82,-15.66,15.34
4865.73,47.27,-16.50,14.04
4865.83,48.50,-17.05,11.79
4865.94,47.46,-17.28,8.62
4866.04,44.31,-17.14,4.61
4866.13,39.43,-16.62,-0.09
4866.23,33.35,-15.71,-5.23
4866.33,26.69,-14.40,-10.54
4866.44,20.14,-12.70,-15.69
4866.54,14.29,-10.62,-20.27
4866.64,9.66,-8.21,-23.95
4866.74,6.60,-5.51,-26.36
4866.84,5.33,-2.59,-27.24
4866.94,5.84,0.50,-26.36
4867.04,7.97,3.66,-23.65
4867.14,11.42,6.79,-19.17
4867.24,15.80,9.81,-13.10
4867.34,20.66,12.61,-5.76
4867.44,25.54,15.08,2.39
4867.54,30.03,17.14,10.79
4867.64,33.77,18.69,18.84
4867.74,36.53,19.66,25.90
4867.84,38.17,20.00,31.34
4867.94,38.67,19.65,34.70
4868.04,38.10,18.63,35.58
4868.14,36.62,16.94,33.81
4868.24,34.45,14.61,29.41
4868.34,31.83,11.74,22.60
4868.44,29.02,8.41,13.85
4868.54,26.26,4.74,3.81
4868.64,23.74,0.88,-6.77
4868.74,21.62,-3.01,-17.05
4868.84,19.99,-6.77,-26.17
4868.94,18.92,-10.24,-33.38
4869.04,18.38,-13.25,-38.02
4869.14,18.34,-15.67,-39.68
4869.24,18.72,-17.39,-38.19
4869.34,19.43,-18.31,-33.62
4869.44,20.35,-18.39,-26.34
4869.54,21.40,-17.62,-16.93
4869.64,22.46,-16.03,-6.17
4869.74,23.47,-13.72,5.11
4869.84,24.37,-10.78,15.90
4869.94,25.11,-7.38,25.36
4870.04,25.68,-3.68,32.72
4870.14,26.07,0.11,37.40
4870.24,26.30,3.79,39.06
4870.34,26.38,7.17,37.60
4870.44,26.36,10.07,33.21
4870.54,26.26,12.34,26.29
4870.64,26.11,13.88,17.49
4870.74,25.94,14.61,7.55
4870.84,25.77,14.50,-2.71
4870.94,25.61,13.59,-12.47
4871.04,25.47,11.96,-20.98
4871.14,25.37,9.73,-27.63
4871.24,25.28,7.04,-31.99
4871.34,25.20,4.08,-33.82
4871.44,25.13,1.03,-33.10
4871.54,25.05,-1.91,-30.03
4871.64,24.94,-4.58,-24.94
4871.74,24.80,-6.82,-18.35
4871.84,24.62,-8.51,-10.82
4871.94,24.38,-9.58,-2.93
4872.04,24.10,-9.99,4.71
4872.14,23.78,-9.77,11.59
4872.24,23.41,-8.96,17.27
4872.34,23.01,-7.65,21.45
4872.44,22.60,-5.97,23.96
4872.54,22.19,-4.05,24.78
4872.64,21.80,-2.04,24.00
4872.74,21.45,-0.08,21.81
4872.84,21.16,1.71,18.49
4872.94,20.95,3.22,14.33
4873.04,20.84,4.38,9.72
4873.14,20.83,5.13,4.96
4873.24,20.97,5.47,0.38
4873.34,21.24,5.42,-3.77
4873.44,21.65,5.03,-7.29
4873.54,22.22,4.35,-10.05
4873.64,22.94,3.47,-11.96
4873.74,23.81,2.48,-13.04
4873.84,24.82,1.46,-13.32
4873.94,25.96,0.49,-12.90
4874.04,27.21,-0.36,-11.90
4874.14,28.57,-1.06,-10.46
4874.24,30.00,-1.57,-8.73
4874.34,31.48,-1.88,-6.84
4874.44,32.99,-2.00,-4.92
4874.54,34.49,-1.96,-3.08
4874.64,35.96,-1.78,-1.42
4874.74,37.37,-1.52,0.01
4874.84,38.69,-1.20,1.17
4874.94,39.88,-0.86,2.04
4875.04,40.92,-0.55,2.64
4875.14,41.76,-0.27,2.97
4875.24,42.40,-0.06,3.08
4875.34,42.80,0.09,3.00
4875.44,42.93,0.18,2.78
4875.54,42.79,0.21,2.46
4875.64,42.35,0.20,2.08
4875.74,41.61,0.16,1.68
4875.84,40.56,0.12,1.30
4875.94,39.21,0.07,0.95
4876.04,37.56,0.03,0.65
4876.14,35.62,0.01,0.41
4876.24,33.40,0.00,0.23
4876.34,30.94,0.00,0.11
4876.44,28.29,0.01,0.04
4876.54,25.47,0.01,0.01
4876.64,22.54,-0.00,0.00
4876.74,19.54,-0.04,-0.00
4876.84,16.54,-0.11,-0.01
4876.94,13.62,-0.21,-0.03
4877.04,10.83,-0.34,-0.09
4877.14,8.24,-0.50,-0.19
4877.24,5.93,-0.67,-0.34
4877.34,3.95,-0.83,-0.55
4877.44,2.37,-0.98,-0.82
4877.54,1.25,-1.09,-1.14
4877.64,0.65,-1.14,-1.51
4877.74,0.59,-1.11,-1.94
4877.84,1.11,-0.99,-2.40
4877.94,2.22,-0.77,-2.90
4878.04,3.90,-0.46,-3.42
4878.14,6.13,-0.04,-3.96
4878.24,8.88,0.47,-4.49
4878.34,12.06,1.06,-5.00
4878.44,15.59,1.70,-5.50
4878.54,19.36,2.36,-5.96
4878.64,23.28,3.03,-6.37
4878.74,27.20,3.66,-6.71
4878.84,31.00,4.23,-6.98
4878.94,34.53,4.70,-7.19
4879.04,37.67,5.04,-7.29
4879.14,40.28,5.23,-7.31
4879.24,42.28,5.26,-7.22
4879.34,43.57,5.10,-7.02
4879.44,44.10,4.75,-6.72
4879.54,43.85,4.20,-6.30
4879.64,42.83,3.47,-5.77
4879.74,41.09,2.56,-5.12
4879.84,38.73,1.50,-4.35
4879.94,35.86,0.31,-3.47
4880.04,32.63,-0.98,-2.48
4880.14,29.22,-2.35,-1.36
4880.24,25.80,-3.75,-0.15
4880.34,22.55,-5.15,1.18
4880.44,19.66,-6.53,2.60
4880.54,17.25,-7.83,4.12
4880.64,15.46,-9.03,5.73
4880.74,14.34,-10.11,7.40
4880.84,13.94,-11.03,9.13
4880.94,14.24,-11.78,10.93
4881.04,15.17,-12.33,12.78
4881.14,16.63,-12.67,14.68
4881.24,18.48,-12.80,16.60
4881.34,20.55,-12.70,18.53
4881.44,22.69,-12.39,20.48
4881.54,24.72,-11.86,22.39
4881.64,26.52,-11.13,24.28
4881.74,27.95,-10.21,26.13
4881.84,28.96,-9.10,27.92
4881.94,29.51,-7.84,29.62
4882.04,29.61,-6.44,31.21
4882.14,29.33,-4.91,32.68
4882.24,28.74,-3.30,34.00
4882.34,27.94,-1.60,35.14
4882.44,27.04,0.14,36.10
4882.54,26.14,1.91,36.83
4882.64,25.34,3.69,37.34
4882.74,24.70,5.45,37.58
4882.84,24.24,7.18,37.54
4882.94,23.97,8.84,37.20
4883.04,23.88,10.44,36.55
4883.14,23.93,11.94,35.56
4883.24,24.07,13.34,34.23
4883.34,24.26,14.63,32.54
4883.44,24.47,15.79,30.49
4883.54,24.67,16.81,28.10
4883.64,24.84,17.69,25.33
4883.74,25.00,18.43,22.23
4883.84,25.15,19.02,18.82
4883.94,25.31,19.45,15.09
4884.04,25.49,19.73,11.13
4884.14,25.66,19.86,6.94
4884.24,25.83,19.85,2.61
4884.34,25.94,19.68,-1.83
4884.44,25.96,19.38,-6.28
4884.54,25.84,18.94,-10.70
4884.65,25.54,18.37,-15.01
4884.75,25.05,17.68,-19.11
4884.85,24.38,16.88,-22.93
4884.94,23.58,15.97,-26.36
4885.04,22.73,14.96,-29.30
4885.15,21.96,13.87,-31.70
4885.25,21.38,12.70,-33.47
4885.35,21.13,11.46,-34.57
4885.44,21.32,10.17,-34.94
4885.54,21.99,8.82,-34.55
4885.65,23.18,7.44,-33.37
4885.75,24.81,6.04,-31.44
4885.85,26.76,4.63,-28.77
4885.94,28.85,3.20,-25.43
4886.04,30.85,1.78,-21.50
4886.15,32.50,0.37,-17.10
4886.25,33.59,-1.01,-12.32
4886.35,33.90,-2.35,-7.34
4886.45,33.33,-3.65,-2.32
4886.55,31.82,-4.90,2.57
4886.65,29.44,-6.09,7.17
4886.75,26.36,-7.20,11.34
4886.85,22.82,-8.24,14.91
4886.95,19.16,-9.19,17.75
4887.05,15.70,-10.04,19.76
4887.15,12.81,-10.80,20.89
4887.25,10.79,-11.45,21.11
4887.35,9.88,-11.99,20.45
4887.45,10.25,-12.43,18.97
4887.55,11.90,-12.75,16.77
4887.65,14.77,-12.95,13.98
4887.75,18.67,-13.04,10.76
4887.85,23.29,-13.01,7.31
4887.95,28.30,-12.86,3.81
4888.05,33.28,-12.60,0.44
4888.15,37.86,-12.24,-2.61
4888.25,41.67,-11.77,-5.21
4888.35,44.41,-11.21,-7.22
4888.45,45.87,-10.56,-8.59
4888.55,45.91,-9.83,-9.30
4888.65,44.54,-9.03,-9.35
4888.75,41.84,-8.18,-8.83
4888.85,38.00,-7.27,-7.83
4888.95,33.27,-6.34,-6.47
4889.05,27.96,-5.38,-4.89
4889.15,22.40,-4.42,-3.25
4889.25,16.93,-3.47,-1.67
4889.35,11.89,-2.53,-0.27
4889.45,7.54,-1.63,0.86
4889.55,4.14,-0.77,1.68
4889.65,1.83,0.02,2.17
4889.75,0.70,0.75,2.35
4889.85,0.78,1.40,2.27
4889.95,2.01,1.96,2.00
4890.05,4.29,2.43,1.60
4890.15,7.47,2.80,1.16
4890.25,11.36,3.08,0.74
4890.35,15.76,3.26,0.40
4890.45,20.42,3.34,0.15
4890.55,25.15,3.34,0.00
4890.65,29.74,3.26,-0.05
4890.75,34.02,3.10,-0.05
4890.85,37.83,2.88,-0.02
4890.95,41.04,2.62,-0.00
4891.05,43.58,2.32,-0.01
4891.15,45.39,1.99,-0.06
4891.25,46.47,1.66,-0.14
4891.35,46.84,1.33,-0.22
4891.45,46.52,1.02,-0.26
4891.55,45.59,0.74,-0.22
4891.65,44.12,0.49,-0.07
4891.75,42.21,0.27,0.24
4891.85,39.94,0.11,0.69
4891.95,37.42,-0.02,1.27
4892.05,34.75,-0.10,1.91
4892.15,32.03,-0.15,2.55
4892.25,29.32,-0.16,3.07
4892.35,26.71,-0.15,3.36
4892.45,24.26,-0.12,3.34
4892.55,22.03,-0.08,2.90
4892.65,20.04,-0.05,2.01
4892.75,18.35,-0.02,0.68
4892.85,16.94,-0.00,-1.04
4892.95,15.85,-0.00,-3.02
4893.05,15.04,-0.01,-5.12
4893.15,14.52,-0.03,-7.11
4893.25,14.27,-0.06,-8.80
4893.35,14.27,-0.08,-9.97
4893.45,14.49,-0.08,-10.42
4893.55,14.90,-0.07,-10.02
4893.65,15.47,-0.01,-8.70
4893.75,16.16,0.08,-6.46
4893.85,16.95,0.22,-3.40
4893.95,17.80,0.40,0.30
4894.05,18.69,0.63,4.41
4894.15,19.58,0.88,8.61
4894.25,20.46,1.15,12.59
4894.35,21.31,1.41,16.02
4894.45,22.10,1.63,18.60
4894.55,22.83,1.78,20.06
4894.65,23.48,1.83,20.23
4894.75,24.05,1.76,19.03
4894.85,24.54,1.55,16.47
4894.95,24.94,1.17,12.63
4895.05,25.25,0.63,7.74
4895.15,25.49,-0.06,2.06
4895.25,25.65,-0.88,-4.08
4895.35,25.75,-1.79,-10.32
4895.45,25.79,-2.73,-16.28
4895.55,25.79,-3.65,-21.61
4895.65,25.77,-4.47,-25.98
4895.75,25.72,-5.11,-29.12
4895.85,25.66,-5.51,-30.85
4895.95,25.60,-5.60,-31.07
4896.05,25.55,-5.33,-29.74
4896.15,25.51,-4.67,-26.92
4896.25,25.50,-3.63,-22.75
4896.35,25.51,-2.23,-17.43
4896.45,25.54,-0.53,-11.22
4896.55,25.59,1.38,-4.40
4896.65,25.65,3.40,2.69
4896.75,25.72,5.38,9.78
4896.85,25.78,7.20,16.57
