Nama Perenang:,Sheva
Gaya Renang:,Dada
Time:,140526-1305
TimeStamp(s),Force(Kg),Roll(Deg),Pitch(Deg)
383.70,24.49,-19.27,21.74
383.80,24.51,-19.09,12.90
383.89,24.55,-18.75,3.34
383.99,24.62,-18.27,-6.31
384.10,24.74,-17.64,-15.46
384.20,24.92,-16.89,-23.59
384.30,25.19,-16.02,-30.26
384.40,25.54,-15.03,-35.14
384.50,25.94,-13.95,-38.04
384.60,26.37,-12.77,-38.87
384.70,26.74,-11.52,-37.70
384.80,26.99,-10.19,-34.68
384.90,27.04,-8.82,-30.07
385.00,26.80,-7.39,-24.20
385.10,26.25,-5.94,-17.41
385.20,25.37,-4.46,-10.10
385.30,24.22,-2.97,-2.64
385.40,22.89,-1.48,4.61
385.50,21.53,-0.01,11.35
385.60,20.29,1.45,17.30
385.70,19.38,2.87,22.29
385.80,18.96,4.25,26.16
385.90,19.16,5.58,28.85
386.00,20.05,6.85,30.35
386.10,21.64,8.05,30.71
386.20,23.83,9.18,30.00
386.30,26.47,10.22,28.35
386.40,29.29,11.17,25.92
386.50,32.03,12.03,22.86
386.60,34.38,12.79,19.34
386.70,36.04,13.44,15.53
386.80,36.80,13.98,11.59
386.90,36.48,14.41,7.65
387.00,35.04,14.72,3.85
387.10,32.52,14.92,0.29
387.20,29.10,15.00,-2.95
387.30,25.04,14.96,-5.81
387.40,20.66,14.81,-8.24
387.50,16.36,14.54,-10.23
387.60,12.51,14.17,-11.78
387.70,9.46,13.69,-12.89
387.80,7.52,13.12,-13.59
387.90,6.87,12.45,-13.91
388.00,7.62,11.69,-13.90
388.10,9.74,10.86,-13.60
388.20,13.10,9.96,-13.05
388.30,17.47,9.01,-12.31
388.40,22.54,8.01,-11.42
388.50,27.96,6.97,-10.43
388.60,33.32,5.92,-9.37
388.70,38.27,4.86,-8.29
388.80,42.47,3.80,-7.21
388.90,45.63,2.76,-6.16
389.00,47.57,1.75,-5.16
389.10,48.16,0.78,-4.23
389.20,47.40,-0.13,-3.39
389.30,45.34,-0.97,-2.63
389.40,42.14,-1.74,-1.97
389.50,37.99,-2.43,-1.41
389.60,33.16,-3.02,-0.94
389.70,27.92,-3.51,-0.55
389.80,22.57,-3.90,-0.26
389.90,17.38,-4.18,-0.04
390.00,12.61,-4.36,0.11
390.10,8.47,-4.44,0.20
390.20,5.14,-4.42,0.24
390.30,2.72,-4.32,0.25
390.40,1.28,-4.13,0.22
390.50,0.84,-3.87,0.18
390.60,1.36,-3.55,0.13
390.70,2.76,-3.19,0.08
390.80,4.94,-2.79,0.03
390.90,7.76,-2.38,0.01
391.00,11.08,-1.96,0.00
391.10,14.73,-1.56,0.02
391.20,18.56,-1.17,0.08
391.30,22.41,-0.82,0.17
391.40,26.17,-0.50,0.30
391.50,29.70,-0.23,0.48
391.60,32.91,-0.02,0.70
391.70,35.71,0.14,0.96
391.80,38.06,0.26,1.26
391.90,39.92,0.32,1.60
392.00,41.27,0.34,1.98
392.10,42.12,0.33,2.40
392.20,42.48,0.29,2.85
392.30,42.40,0.24,3.31
392.40,41.92,0.18,3.80
392.50,41.09,0.12,4.29
392.60,39.96,0.07,4.78
392.70,38.60,0.03,5.27
392.80,37.06,0.01,5.73
392.90,35.40,0.00,6.16
393.00,33.68,0.00,6.55
393.10,31.95,0.01,6.88
393.20,30.25,0.02,7.14
393.30,28.62,0.02,7.32
393.40,27.10,0.00,7.40
393.50,25.70,-0.04,7.36
393.60,24.46,-0.12,7.20
393.70,23.38,-0.24,6.90
393.80,22.46,-0.39,6.44
393.90,21.73,-0.56,5.82
394.00,21.16,-0.76,5.02
394.10,20.76,-0.96,4.04
394.20,20.51,-1.15,2.86
394.30,20.40,-1.30,1.49
394.40,20.41,-1.38,-0.09
394.50,20.54,-1.36,-1.85
394.60,20.75,-1.24,-3.80
394.70,21.03,-0.99,-5.92
394.80,21.37,-0.61,-8.19
394.90,21.74,-0.08,-10.58
395.00,22.13,0.56,-13.07
395.10,22.52,1.30,-15.62
395.20,22.91,2.09,-18.17
395.30,23.27,2.89,-20.68
395.40,23.61,3.63,-23.08
395.50,23.91,4.26,-25.33
395.60,24.16,4.70,-27.33
395.70,24.38,4.90,-29.04
395.80,24.56,4.80,-30.36
395.90,24.70,4.37,-31.24
396.00,24.81,3.60,-31.59
396.10,24.89,2.49,-31.36
396.20,24.96,1.08,-30.50
396.30,25.02,-0.56,-28.95
396.40,25.09,-2.35,-26.69
396.50,25.17,-4.18,-23.72
396.60,25.27,-5.92,-20.05
396.70,25.40,-7.44,-15.71
396.80,25.57,-8.61,-10.78
396.90,25.78,-9.32,-5.34
397.00,26.04,-9.47,0.47
397.10,26.33,-9.00,6.52
397.20,26.66,-7.90,12.63
397.30,27.00,-6.19,18.60
397.40,27.36,-3.94,24.23
397.50,27.70,-1.27,29.30
397.60,28.00,1.67,33.60
397.70,28.23,4.69,36.91
397.80,28.38,7.59,39.07
397.90,28.40,10.15,39.91
398.00,28.27,12.19,39.34
398.10,27.96,13.54,37.31
398.20,27.45,14.06,33.82
398.30,26.73,13.68,28.96
398.40,25.79,12.38,22.87
398.50,24.63,10.21,15.78
398.60,23.29,7.27,7.96
398.70,21.78,3.74,-0.23
398.80,20.17,-0.17,-8.44
398.90,18.50,-4.21,-16.26
399.00,16.88,-8.13,-23.28
399.10,15.37,-11.65,-29.15
399.20,14.09,-14.54,-33.52
399.30,13.13,-16.58,-36.15
399.40,12.60,-17.64,-36.86
399.50,12.57,-17.61,-35.61
399.60,13.13,-16.49,-32.43
399.70,14.32,-14.33,-27.51
399.80,16.16,-11.24,-21.14
399.90,18.61,-7.41,-13.70
400.00,21.63,-3.08,-5.64
400.10,25.09,1.50,2.51
400.20,28.85,6.06,10.26
400.30,32.70,10.30,17.11
400.40,36.43,13.98,22.61
400.50,39.79,16.89,26.45
400.60,42.53,18.85,28.39
400.70,44.41,19.75,28.36
400.80,45.25,19.56,26.42
400.90,44.90,18.29,22.78
401.00,43.27,16.02,17.76
401.10,40.39,12.90,11.77
401.20,36.37,9.11,5.31
401.30,31.40,4.86,-1.12
401.40,25.78,0.40,-7.04
401.50,19.88,-4.05,-12.03
401.60,14.13,-8.24,-15.76
401.70,8.96,-11.98,-18.02
401.80,4.80,-15.08,-18.73
401.90,2.02,-17.41,-17.96
402.00,0.91,-18.89,-15.87
402.10,1.63,-19.45,-12.75
402.20,4.18,-19.12,-8.93
402.30,8.43,-17.95,-4.81
402.40,14.07,-16.01,-0.75
402.51,20.66,-13.43,2.92
402.61,27.66,-10.35,5.91
402.70,34.48,-6.92,8.06
402.80,40.51,-3.32,9.27
402.90,45.20,0.29,9.56
403.01,48.12,3.78,9.02
403.11,49.00,6.99,7.81
403.20,47.73,9.82,6.14
403.30,44.45,12.18,4.22
403.40,39.44,14.00,2.29
403.51,33.21,15.24,0.51
403.61,26.34,15.90,-0.96
403.70,19.50,16.00,-2.04
403.80,13.36,15.55,-2.69
403.90,8.49,14.63,-2.95
404.01,5.33,13.29,-2.86
404.11,4.16,11.61,-2.51
404.21,5.02,9.67,-2.01
404.31,7.77,7.56,-1.45
404.41,12.05,5.35,-0.92
404.51,17.39,3.13,-0.47
404.61,23.19,0.97,-0.14
404.71,28.85,-1.07,0.05
404.81,33.82,-2.95,0.14
404.91,37.63,-4.61,0.14
405.01,39.96,-6.04,0.10
405.11,40.68,-7.21,0.04
405.21,39.82,-8.11,0.01
405.31,37.59,-8.75,0.00
405.41,34.31,-9.13,0.04
405.51,30.40,-9.26,0.10
405.61,26.32,-9.18,0.15
405.71,22.48,-8.91,0.16
405.81,19.25,-8.46,0.10
405.91,16.90,-7.89,-0.06
406.01,15.57,-7.20,-0.34
406.11,15.28,-6.44,-0.74
406.21,15.95,-5.62,-1.25
406.31,17.38,-4.79,-1.82
406.41,19.35,-3.95,-2.40
406.51,21.57,-3.14,-2.94
406.61,23.80,-2.36,-3.36
406.71,25.82,-1.64,-3.60
406.81,27.45,-0.97,-3.58
406.91,28.59,-0.38,-3.26
407.01,29.21,0.13,-2.62
407.11,29.34,0.57,-1.63
407.21,29.05,0.92,-0.33
407.31,28.45,1.21,1.25
407.41,27.66,1.42,3.04
407.51,26.80,1.56,4.96
407.61,25.98,1.64,6.91
407.71,25.26,1.66,8.79
407.81,24.70,1.64,10.49
407.91,24.31,1.59,11.89
408.01,24.10,1.49,12.93
408.11,24.02,1.38,13.50
408.21,24.06,1.24,13.57
408.31,24.17,1.10,13.09
408.41,24.31,0.95,12.04
408.51,24.45,0.81,10.44
408.61,24.59,0.67,8.33
408.71,24.71,0.53,5.75
408.81,24.83,0.41,2.79
408.91,24.95,0.31,-0.48
409.01,25.08,0.22,-3.95
409.11,25.25,0.14,-7.54
409.21,25.45,0.08,-11.13
409.31,25.70,0.04,-14.62
409.41,25.97,0.02,-17.93
409.51,26.26,0.00,-20.97
409.61,26.53,0.00,-23.66
409.71,26.75,0.01,-25.93
409.81,26.90,0.02,-27.75
409.91,26.93,0.03,-29.06
410.01,26.81,0.05,-29.86
410.11,26.52,0.06,-30.13
410.21,26.06,0.07,-29.89
410.31,25.41,0.06,-29.13
410.41,24.59,0.04,-27.88
410.51,23.63,0.01,-26.18
410.61,22.55,-0.05,-24.08
410.71,21.41,-0.12,-21.61
410.81,20.25,-0.22,-18.83
410.91,19.14,-0.35,-15.78
411.01,18.12,-0.51,-12.51
411.11,17.26,-0.69,-9.09
411.21,16.60,-0.90,-5.56
411.31,16.20,-1.14,-1.97
411.41,16.07,-1.42,1.64
411.51,16.26,-1.72,5.21
411.61,16.77,-2.04,8.72
411.71,17.59,-2.39,12.13
411.81,18.73,-2.76,15.40
411.91,20.17,-3.14,18.51
412.01,21.86,-3.54,21.44
412.11,23.77,-3.95,24.17
412.21,25.85,-4.35,26.67
412.31,28.06,-4.75,28.95
412.41,30.34,-5.14,30.98
412.51,32.63,-5.50,32.77
412.61,34.87,-5.83,34.31
412.71,37.02,-6.12,35.61
412.81,39.01,-6.36,36.66
412.91,40.81,-6.54,37.46
413.01,42.37,-6.65,38.03
413.11,43.66,-6.69,38.36
413.21,44.64,-6.63,38.47
413.31,45.29,-6.48,38.37
413.41,45.61,-6.22,38.06
413.51,45.58,-5.86,37.55
413.61,45.19,-5.37,36.86
413.71,44.46,-4.76,36.00
413.81,43.40,-4.03,34.97
413.91,42.02,-3.17,33.79
414.01,40.35,-2.20,32.48
414.11,38.42,-1.10,31.04
414.21,36.25,0.10,29.47
414.31,33.88,1.41,27.82
414.41,31.36,2.79,26.07
414.51,28.71,4.24,24.25
414.61,25.99,5.74,22.36
414.71,23.23,7.25,20.42
414.81,20.48,8.75,18.45
414.91,17.78,10.21,16.45
415.01,15.18,11.60,14.44
415.11,12.72,12.88,12.43
415.21,10.42,14.01,10.43
415.31,8.34,14.96,8.46
415.41,6.50,15.69,6.54
415.51,4.94,16.16,4.67
415.61,3.67,16.35,2.86
415.71,2.72,16.23,1.14
415.81,2.11,15.78,-0.49
415.91,1.85,14.97,-2.02
416.01,1.94,13.81,-3.44
416.11,2.37,12.30,-4.72
416.21,3.16,10.45,-5.88
416.31,4.28,8.29,-6.89
416.41,5.70,5.84,-7.75
416.51,7.41,3.17,-8.46
416.61,9.37,0.32,-9.01
416.71,11.55,-2.63,-9.41
416.81,13.90,-5.61,-9.64
416.91,16.37,-8.53,-9.72
417.01,18.92,-11.30,-9.66
417.11,21.49,-13.82,-9.45
417.21,24.02,-16.01,-9.11
417.31,26.46,-17.79,-8.66
417.41,28.75,-19.06,-8.10
417.51,30.85,-19.78,-7.46
