Nama Perenang:,sinus_freq_01
Gaya Renang:,Dada
Time:,140526-1132
TimeStamp(s),Force(Kg),Roll(Deg),Pitch(Deg)
4856.23,18.03,6.83,-34.85
4856.33,17.86,6.25,-35.69
4856.43,17.86,5.62,-36.20
4856.53,18.01,4.96,-36.41
4856.63,18.30,4.27,-36.31
4856.73,18.70,3.60,-35.94
4856.83,19.21,2.94,-35.32
4856.93,19.78,2.31,-34.48
4857.03,20.41,1.73,-33.44
4857.13,21.07,1.19,-32.22
4857.23,21.73,0.72,-30.85
4857.33,22.37,0.31,-29.34
4857.43,22.98,-0.05,-27.72
4857.53,23.54,-0.34,-26.01
4857.63,24.03,-0.56,-24.24
4857.73,24.45,-0.73,-22.42
4857.83,24.80,-0.85,-20.57
4857.93,25.06,-0.92,-18.69
4858.03,25.26,-0.95,-16.83
4858.13,25.39,-0.95,-14.98
4858.23,25.47,-0.91,-13.16
4858.33,25.50,-0.85,-11.37
4858.43,25.51,-0.77,-9.63
4858.53,25.50,-0.68,-7.96
4858.63,25.49,-0.58,-6.37
4858.73,25.49,-0.48,-4.86
4858.83,25.50,-0.39,-3.41
4858.93,25.53,-0.30,-2.06
4859.03,25.57,-0.21,-0.81
4859.13,25.60,-0.14,0.33
4859.23,25.62,-0.09,1.37
4859.33,25.60,-0.04,2.31
4859.43,25.52,-0.02,3.14
4859.53,25.37,-0.00,3.85
4859.63,25.12,-0.00,4.46
4859.73,24.76,-0.01,4.96
4859.83,24.29,-0.04,5.35
4859.93,23.71,-0.07,5.63
4860.03,23.06,-0.11,5.81
4860.13,22.36,-0.15,5.90
4860.23,21.67,-0.19,5.89
4860.33,21.06,-0.23,5.80
4860.43,20.60,-0.26,5.62
4860.53,20.36,-0.28,5.38
4860.63,20.43,-0.29,5.08
4860.73,20.86,-0.29,4.73
4860.83,21.69,-0.26,4.33
4860.93,22.94,-0.21,3.91
4861.03,24.57,-0.13,3.47
4861.13,26.51,-0.02,3.02
4861.23,28.65,0.12,2.58
4861.33,30.85,0.29,2.15
4861.43,32.91,0.50,1.74
4861.53,34.64,0.75,1.37
4861.63,35.83,1.03,1.03
4861.73,36.30,1.35,0.74
4861.83,35.92,1.71,0.50
4861.93,34.60,2.10,0.31
4862.03,32.33,2.52,0.17
4862.13,29.21,2.97,0.08
4862.23,25.44,3.44,0.03
4862.33,21.25,3.94,0.00
4862.43,17.02,4.45,0.00
4862.53,13.13,4.96,0.00
4862.63,9.96,5.48,0.00
4862.73,7.89,5.98,-0.02
4862.83,7.21,6.46,-0.09
4862.93,8.11,6.92,-0.20
4863.03,10.60,7.33,-0.38
4863.13,14.59,7.69,-0.63
4863.23,19.77,7.99,-0.95
4863.33,25.72,8.21,-1.35
4863.43,31.90,8.35,-1.81
4863.53,37.72,8.38,-2.31
4863.63,42.57,8.30,-2.83
4863.73,45.94,8.10,-3.34
4863.83,47.40,7.77,-3.80
4863.93,46.73,7.30,-4.16
4864.03,43.92,6.68,-4.37
4864.13,39.16,5.91,-4.38
4864.23,32.89,5.00,-4.15
4864.33,25.72,3.93,-3.63
4864.44,18.32,2.72,-2.79
4864.54,11.46,1.38,-1.61
4864.63,5.85,-0.08,-0.10
4864.73,2.09,-1.65,1.71
4864.83,0.57,-3.30,3.77
4864.94,1.47,-5.01,6.00
4865.04,4.72,-6.75,8.30
4865.13,9.97,-8.47,10.54
4865.23,16.68,-10.16,12.56
4865.33,24.17,-11.77,14.21
4865.44,31.69,-13.25,15.32
4865.54,38.45,-14.56,15.74
4865.63,43.82,-15.66,15.34
4865.73,47.27,-16.50,14.04
4865.83,48.50,-17.05,11.79
4865.94,47.46,-17.28,8.62
4866.04,44.31,-17.14,4.61
4866.13,39.43,-16.62,-0.09
4866.23,33.35,-15.71,-5.23
4866.33,26.69,-14.40,-10.54
4866.44,20.14,-12.70,-15.69
4866.54,14.29,-10.62,-20.27
4866.64,9.66,-8.21,-23.95
4866.74,6.60,-5.51,-26.36
4866.84,5.33,-2.59,-27.24
4866.94,5.84,0.50,-26.36
4867.04,7.97,3.66,-23.65
4867.14,11.42,6.79,-19.17
4867.24,15.80,9.81,-13.10
4867.34,20.66,12.61,-5.76
4867.44,25.54,15.08,2.39
4867.54,30.03,17.14,10.79
4867.64,33.77,18.69,18.84
4867.74,36.53,19.66,25.90
4867.84,38.17,20.00,31.34
4867.94,38.67,19.65,34.70
4868.04,38.10,18.63,35.58
4868.14,36.62,16.94,33.81
4868.24,34.45,14.61,29.41
4868.34,31.83,11.74,22.60
4868.44,29.02,8.41,13.85
4868.54,26.26,4.74,3.81
4868.64,23.74,0.88,-6.77
4868.74,21.62,-3.01,-17.05
4868.84,19.99,-6.77,-26.17
4868.94,18.92,-10.24,-33.38
4869.04,18.38,-13.25,-38.02
4869.14,18.34,-15.67,-39.68
4869.24,18.72,-17.39,-38.19
4869.34,19.43,-18.31,-33.62
4869.44,20.35,-18.39,-26.34
4869.54,21.40,-17.62,-16.93
4869.64,22.46,-16.03,-6.17
4869.74,23.47,-13.72,5.11
4869.84,24.37,-10.78,15.90
4869.94,25.11,-7.38,25.36
4870.04,25.68,-3.68,32.72
4870.14,26.07,0.11,37.40
4870.24,26.30,3.79,39.06
4870.34,26.38,7.17,37.60
4870.44,26.36,10.07,33.21
4870.54,26.26,12.34,26.29
4870.64,26.11,13.88,17.49
4870.74,25.94,14.61,7.55
4870.84,25.77,14.50,-2.71
4870.94,25.61,13.59,-12.47
4871.04,25.47,11.96,-20.98
4871.14,25.37,9.73,-27.63
4871.24,25.28,7.04,-31.99
4871.34,25.20,4.08,-33.82
4871.44,25.13,1.03,-33.10
4871.54,25.05,-1.91,-30.03
4871.64,24.94,-4.58,-24.94
4871.74,24.80,-6.82,-18.35
4871.84,24.62,-8.51,-10.82
4871.94,24.38,-9.58,-2.93
4872.04,24.10,-9.99,4.71
4872.14,23.78,-9.77,11.59
4872.24,23.41,-8.96,17.27
4872.34,23.01,-7.65,21.45
4872.44,22.60,-5.97,23.96
4872.54,22.19,-4.05,24.78
4872.64,21.80,-2.04,24.00
4872.74,21.45,-0.08,21.81
4872.84,21.16,1.71,18.49
4872.94,20.95,3.22,14.33
4873.04,20.84,4.38,9.72
4873.14,20.83,5.13,4.96
4873.24,20.97,5.47,0.38
4873.34,21.24,5.42,-3.77
4873.44,21.65,5.03,-7.29
4873.54,22.22,4.35,-10.05
4873.64,22.94,3.47,-11.96
4873.74,23.81,2.48,-13.04
4873.84,24.82,1.46,-13.32
4873.94,25.96,0.49,-12.90
4874.04,27.21,-0.36,-11.90
4874.14,28.57,-1.06,-10.46
4874.24,30.00,-1.57,-8.73
4874.34,31.48,-1.88,-6.84
4874.44,32.99,-2.00,-4.92
4874.54,34.49,-1.96,-3.08
4874.64,35.96,-1.78,-1.42
4874.74,37.37,-1.52,0.01
4874.84,38.69,-1.20,1.17
4874.94,39.88,-0.86,2.04
4875.04,40.92,-0.55,2.64
4875.14,41.76,-0.27,2.97
4875.24,42.40,-0.06,3.08
4875.34,42.80,0.09,3.00
4875.44,42.93,0.18,2.78
4875.54,42.79,0.21,2.46
4875.64,42.35,0.20,2.08
4875.74,41.61,0.16,1.68
4875.84,40.56,0.12,1.30
4875.94,39.21,0.07,0.95
4876.04,37.56,0.03,0.65
4876.14,35.62,0.01,0.41
4876.24,33.40,0.00,0.23
4876.34,30.94,0.00,0.11
4876.44,28.29,0.01,0.04
4876.54,25.47,0.01,0.01
4876.64,22.54,-0.00,0.00
4876.74,19.54,-0.04,-0.00
4876.84,16.54,-0.11,-0.01
4876.94,13.62,-0.21,-0.03
4877.04,10.83,-0.34,-0.09
4877.14,8.24,-0.50,-0.19
4877.24,5.93,-0.67,-0.34
4877.34,3.95,-0.83,-0.55
4877.44,2.37,-0.98,-0.82
4877.54,1.25,-1.09,-1.14
4877.64,0.65,-1.14,-1.51
4877.74,0.59,-1.11,-1.94
4877.84,1.11,-0.99,-2.40
4877.94,2.22,-0.77,-2.90
4878.04,3.90,-0.46,-3.42
4878.14,6.13,-0.04,-3.96
4878.24,8.88,0.47,-4.49
4878.34,12.06,1.06,-5.00
4878.44,15.59,1.70,-5.50
4878.54,19.36,2.36,-5.96
4878.64,23.28,3.03,-6.37
4878.74,27.20,3.66,-6.71
4878.84,31.00,4.23,-6.98
4878.94,34.53,4.70,-7.19
4879.04,37.67,5.04,-7.29
4879.14,40.28,5.23,-7.31
4879.24,42.28,5.26,-7.22
4879.34,43.57,5.10,-7.02
4879.44,44.10,4.75,-6.72
4879.54,43.85,4.20,-6.30
4879.64,42.83,3.47,-5.77
4879.74,41.09,2.56,-5.12
4879.84,38.73,1.50,-4.35
4879.94,35.86,0.31,-3.47
4880.04,32.63,-0.98,-2.48
4880.14,29.22,-2.35,-1.36
4880.24,25.80,-3.75,-0.15
4880.34,22.55,-5.15,1.18
4880.44,19.66,-6.53,2.60
4880.54,17.25,-7.83,4.12
4880.64,15.46,-9.03,5.73
4880.74,14.34,-10.11,7.40
4880.84,13.94,-11.03,9.13
4880.94,14.24,-11.78,10.93
4881.04,15.17,-12.33,12.78
4881.14,16.63,-12.67,14.68
4881.24,18.48,-12.80,16.60
4881.34,20.55,-12.70,18.53
4881.44,22.69,-12.39,20.48
4881.54,24.72,-11.86,22.39
4881.64,26.52,-11.13,24.28
4881.74,27.95,-10.21,26.13
4881.84,28.96,-9.10,27.92
4881.94,29.51,-7.84,29.62
4882.04,29.61,-6.44,31.21
4882.14,29.33,-4.91,32.68
4882.24,28.74,-3.30,34.00
4882.34,27.94,-1.60,35.14
4882.44,27.04,0.14,36.10
4882.54,26.14,1.91,36.83
4882.64,25.34,3.69,37.34
4882.74,24.70,5.45,37.58
4882.84,24.24,7.18,37.54
4882.94,23.97,8.84,37.20
4883.04,23.88,10.44,36.55
4883.14,23.93,11.94,35.56
4883.24,24.07,13.34,34.23
4883.34,24.26,14.63,32.54
4883.44,24.47,15.79,30.49
4883.54,24.67,16.81,28.10
4883.64,24.84,17.69,25.33
4883.74,25.00,18.43,22.23
4883.84,25.15,19.02,18.82
4883.94,25.31,19.45,15.09
4884.04,25.49,19.73,11.13
4884.14,25.66,19.86,6.94
4884.24,25.83,19.85,2.61
4884.34,25.94,19.68,-1.83
4884.44,25.96,19.38,-6.28
4884.54,25.84,18.94,-10.70
4884.65,25.54,18.37,-15.01
4884.75,25.05,17.68,-19.11
4884.85,24.38,16.88,-22.93
4884.94,23.58,15.97,-26.36
4885.04,22.73,14.96,-29.30
4885.15,21.96,13.87,-31.70
4885.25,21.38,12.70,-33.47
4885.35,21.13,11.46,-34.57
4885.44,21.32,10.17,-34.94
4885.54,21.99,8.82,-34.55
4885.65,23.18,7.44,-33.37
4885.75,24.81,6.04,-31.44
4885.85,26.76,4.63,-28.77
4885.94,28.85,3.20,-25.43
4886.04,30.85,1.78,-21.50
4886.15,32.50,0.37,-17.10
4886.25,33.59,-1.01,-12.32
4886.35,33.90,-2.35,-7.34
4886.45,33.33,-3.65,-2.32
4886.55,31.82,-4.90,2.57
4886.65,29.44,-6.09,7.17
4886.75,26.36,-7.20,11.34
4886.85,22.82,-8.24,14.91
4886.95,19.16,-9.19,17.75
4887.05,15.70,-10.04,19.76
4887.15,12.81,-10.80,20.89
4887.25,10.79,-11.45,21.11
4887.35,9.88,-11.99,20.45
4887.45,10.25,-12.43,18.97
4887.55,11.90,-12.75,16.77
4887.65,14.77,-12.95,13.98
4887.75,18.67,-13.04,10.76
4887.85,23.29,-13.01,7.31
4887.95,28.30,-12.86,3.81
4888.05,33.28,-12.60,0.44
4888.15,37.86,-12.24,-2.61
4888.25,41.67,-11.77,-5.21
4888.35,44.41,-11.21,-7.22
4888.45,45.87,-10.56,-8.59
4888.55,45.91,-9.83,-9.30
4888.65,44.54,-9.03,-9.35
4888.75,41.84,-8.18,-8.83
4888.85,38.00,-7.27,-7.83
4888.95,33.27,-6.34,-6.47
4889.05,27.96,-5.38,-4.89
4889.15,22.40,-4.42,-3.25
4889.25,16.93,-3.47,-1.67
4889.35,11.89,-2.53,-0.27
4889.45,7.54,-1.63,0.86
4889.55,4.14,-0.77,1.68
4889.65,1.83,0.02,2.17
4889.75,0.70,0.75,2.35
4889.85,0.78,1.40,2.27
4889.95,2.01,1.96,2.00
4890.05,4.29,2.43,1.60
4890.15,7.47,2.80,1.16
4890.25,11.36,3.08,0.74
4890.35,15.76,3.26,0.40
4890.45,20.42,3.34,0.15
4890.55,25.15,3.34,0.00
4890.65,29.74,3.26,-0.05
4890.75,34.02,3.10,-0.05
4890.85,37.83,2.88,-0.02
4890.95,41.04,2.62,-0.00
4891.05,43.58,2.32,-0.01
4891.15,45.39,1.99,-0.06
4891.25,46.47,1.66,-0.14
4891.35,46.84,1.33,-0.22
4891.45,46.52,1.02,-0.26
4891.55,45.59,0.74,-0.22
4891.65,44.12,0.49,-0.07
4891.75,42.21,0.27,0.24
4891.85,39.94,0.11,0.69
4891.95,37.42,-0.02,1.27
4892.05,34.75,-0.10,1.91
4892.15,32.03,-0.15,2.55
4892.25,29.32,-0.16,3.07
4892.35,26.71,-0.15,3.36
4892.45,24.26,-0.12,3.34
4892.55,22.03,-0.08,2.90
4892.65,20.04,-0.05,2.01
4892.75,18.35,-0.02,0.68
4892.85,16.94,-0.00,-1.04
4892.95,15.85,-0.00,-3.02
4893.05,15.04,-0.01,-5.12
4893.15,14.52,-0.03,-7.11
4893.25,14.27,-0.06,-8.80
4893.35,14.27,-0.08,-9.97
4893.45,14.49,-0.08,-10.42
4893.55,14.90,-0.07,-10.02
4893.65,15.47,-0.01,-8.70
4893.75,16.16,0.08,-6.46
4893.85,16.95,0.22,-3.40
4893.95,17.80,0.40,0.30
4894.05,18.69,0.63,4.41
4894.15,19.58,0.88,8.61
4894.25,20.46,1.15,12.59
4894.35,21.31,1.41,16.02
4894.45,22.10,1.63,18.60
4894.55,22.83,1.78,20.06
4894.65,23.48,1.83,20.23
4894.75,24.05,1.76,19.03
4894.85,24.54,1.55,16.47
4894.95,24.94,1.17,12.63
4895.05,25.25,0.63,7.74
4895.15,25.49,-0.06,2.06
4895.25,25.65,-0.88,-4.08
4895.35,25.75,-1.79,-10.32
4895.45,25.79,-2.73,-16.28
4895.55,25.79,-3.65,-21.61
4895.65,25.77,-4.47,-25.98
4895.75,25.72,-5.11,-29.12
4895.85,25.66,-5.51,-30.85
4895.95,25.60,-5.60,-31.07
4896.05,25.55,-5.33,-29.74
4896.15,25.51,-4.67,-26.92
4896.25,25.50,-3.63,-22.75
4896.35,25.51,-2.23,-17.43
4896.45,25.54,-0.53,-11.22
4896.55,25.59,1.38,-4.40
4896.65,25.65,3.40,2.69
4896.75,25.72,5.38,9.78
4896.85,25.78,7.20,16.57
4896.95,25.82,8.69,22.80
4897.05,25.83,9.74,28.24
4897.15,25.79,10.23,32.71
4897.25,25.68,10.07,36.07
4897.35,25.50,9.24,38.22
4897.45,25.22,7.72,39.15
4897.55,24.83,5.59,38.87
4897.65,24.34,2.95,37.43
4897.75,23.74,-0.06,34.93
4897.85,23.05,-3.26,31.49
4897.95,22.26,-6.42,27.27
4898.05,21.40,-9.33,22.42
4898.15,20.52,-11.78,17.10
4898.25,19.63,-13.59,11.48
4898.35,18.80,-14.58,5.72
4898.45,18.06,-14.66,-0.02
4898.55,17.49,-13.78,-5.62
4898.65,17.14,-11.96,-10.93
4898.75,17.07,-9.29,-15.87
4898.85,17.32,-5.92,-20.34
4898.95,17.94,-2.04,-24.29
4899.05,18.96,2.09,-27.66
4899.15,20.40,6.24,-30.43
4899.25,22.22,10.10,-32.60
4899.35,24.41,13.43,-34.16
4899.45,26.88,16.01,-35.16
4899.55,29.56,17.65,-35.60
4899.65,32.32,18.23,-35.53
4899.75,35.01,17.69,-34.99
4899.85,37.49,16.07,-34.04
4899.95,39.56,13.44,-32.72
4900.05,41.08,9.97,-31.09
4900.15,41.90,5.86,-29.19
4900.25,41.87,1.35,-27.09
4900.35,40.92,-3.28,-24.84
4900.45,39.02,-7.77,-22.47
4900.55,36.16,-11.83,-20.03
4900.65,32.46,-15.25,-17.57
4900.75,28.07,-17.82,-15.12
4900.85,23.23,-19.41,-12.71
4900.95,18.23,-19.94,-10.37
4901.05,13.38,-19.38,-8.13
4901.15,9.03,-17.80,-5.99
4901.25,5.53,-15.28,-3.99
4901.35,3.17,-11.99,-2.13
4901.45,2.21,-8.11,-0.42
4901.55,2.81,-3.85,1.15
4901.65,5.00,0.54,2.54
4901.75,8.72,4.85,3.78
4901.85,13.73,8.86,4.86
4901.95,19.73,12.39,5.78
4902.05,26.28,15.28,6.55
4902.15,32.86,17.40,7.18
4902.25,38.95,18.70,7.65
4902.35,44.00,19.13,8.01
4902.45,47.58,18.72,8.23
4902.55,49.35,17.52,8.34
4902.65,49.10,15.61,8.35
4902.75,46.81,13.12,8.26
4902.85,42.66,10.18,8.08
4902.95,37.00,6.92,7.82
4903.05,30.31,3.52,7.50
4903.15,23.19,0.11,7.12
4903.25,16.31,-3.18,6.69
4903.35,10.31,-6.23,6.23
4903.45,5.73,-8.92,5.74
4903.55,3.01,-11.18,5.24
4903.65,2.37,-12.95,4.72
4903.75,3.87,-14.21,4.20
4903.85,7.30,-14.94,3.69
4903.95,12.30,-15.15,3.19
4904.05,18.33,-14.87,2.72
4904.15,24.79,-14.16,2.27
4904.25,31.01,-13.06,1.86
4904.35,36.40,-11.64,1.48
4904.46,40.42,-9.97,1.14
4904.56,42.77,-8.13,0.85
4904.65,43.27,-6.19,0.60
4904.75,41.97,-4.21,0.40
4904.85,39.08,-2.27,0.24
4904.96,35.01,-0.40,0.13
4905.06,30.23,1.33,0.05
4905.15,25.27,2.90,0.01
4905.25,20.65,4.27,0.00
4905.35,16.82,5.44,0.01
4905.46,14.08,6.38,0.03
4905.56,12.64,7.09,0.05
4905.65,12.51,7.58,0.06
4905.75,13.61,7.86,0.05
4905.85,15.68,7.94,0.01
4905.96,18.43,7.85,-0.07
4906.06,21.51,7.60,-0.21
4906.15,24.57,7.23,-0.42
4906.25,27.30,6.74,-0.71
4906.35,29.48,6.18,-1.07
4906.46,30.95,5.56,-1.53
4906.56,31.67,4.90,-2.07
4906.66,31.67,4.23,-2.69
4906.76,31.06,3.57,-3.38
4906.86,29.98,2.92,-4.14
4906.96,28.63,2.30,-4.93
4907.06,27.18,1.73,-5.73
4907.16,25.80,1.20,-6.52
4907.26,24.61,0.74,-7.24
4907.36,23.70,0.33,-7.86
4907.46,23.09,-0.02,-8.34
4907.56,22.80,-0.30,-8.62
4907.66,22.77,-0.53,-8.64
4907.76,22.95,-0.69,-8.38
4907.86,23.28,-0.81,-7.78
4907.96,23.67,-0.88,-6.82
4908.06,24.08,-0.91,-5.45
4908.16,24.45,-0.90,-3.68
4908.26,24.76,-0.87,-1.53
4908.36,25.00,-0.81,0.99
4908.46,25.17,-0.73,3.80
4908.56,25.28,-0.64,6.84
4908.66,25.36,-0.55,10.02
4908.76,25.43,-0.45,13.20
4908.86,25.49,-0.36,16.22
4908.96,25.55,-0.27,18.94
4909.06,25.61,-0.19,21.19
4909.16,25.65,-0.13,22.79
4909.26,25.67,-0.07,23.61
4909.36,25.62,-0.04,23.48
4909.46,25.51,-0.01,22.32
4909.56,25.30,-0.00,20.08
4909.66,24.98,-0.00,16.73
4909.76,24.56,-0.02,12.34
4909.86,24.03,-0.05,7.04
4909.96,23.43,-0.08,1.02
4910.06,22.77,-0.12,-5.46
4910.16,22.11,-0.17,-12.08
4910.26,21.48,-0.21,-18.49
4910.36,20.93,-0.25,-24.30
4910.46,20.50,-0.29,-29.11
4910.56,20.26,-0.31,-32.58
4910.66,20.23,-0.32,-34.39
4910.76,20.44,-0.32,-34.31
4910.86,20.91,-0.29,-32.23
4910.96,21.64,-0.24,-28.15
4911.06,22.63,-0.16,-22.21
4911.16,23.86,-0.05,-14.67
4911.26,25.29,0.09,-5.96
4911.36,26.89,0.26,3.39
4911.46,28.60,0.47,12.83
4911.56,30.37,0.72,21.67
4911.66,32.14,1.01,29.29
4911.76,33.85,1.33,35.10
4911.86,35.45,1.69,38.63
4911.96,36.86,2.09,39.55
4912.06,38.06,2.51,37.71
4912.16,38.98,2.97,33.19
4912.26,39.60,3.45,26.23
4912.36,39.90,3.95,17.31
4912.46,39.85,4.47,7.08
4912.56,39.45,5.00,-3.73
4912.66,38.70,5.52,-14.26
4912.76,37.61,6.03,-23.72
4912.86,36.20,6.53,-31.37
4912.96,34.50,6.99,-36.59
4913.06,32.53,7.42,-38.96
4913.16,30.34,7.79,-38.30
4913.26,27.96,8.10,-34.66
4913.36,25.45,8.33,-28.39
4913.46,22.85,8.47,-19.99
4913.56,20.21,8.52,-10.16
4913.66,17.57,8.45,0.24
4913.76,14.99,8.25,10.40
4913.86,12.52,7.93,19.47
4913.96,10.19,7.46,26.73
4914.06,8.05,6.84,31.65
4914.16,6.12,6.08,33.91
4914.26,4.45,5.15,33.39
4914.36,3.05,4.08,30.25
4914.46,1.96,2.87,24.83
4914.56,1.18,1.52,17.68
4914.66,0.74,0.04,9.45
4914.76,0.65,-1.54,0.89
4914.86,0.89,-3.21,-7.32
4914.96,1.48,-4.94,-14.51
4915.06,2.39,-6.69,-20.16
4915.16,3.63,-8.44,-23.92
4915.26,5.16,-10.14,-25.62
4915.36,6.95,-11.77,-25.25
4915.46,9.01,-13.27,-23.00
4915.56,11.27,-14.59,-19.18
4915.66,13.72,-15.70,-14.21
4915.76,16.31,-16.56,-8.57
4915.86,19.01,-17.12,-2.77
4915.96,21.74,-17.34,2.75
4916.06,24.47,-17.21,7.57
4916.16,27.19,-16.68,11.41
4916.26,29.82,-15.76,14.07
4916.36,32.31,-14.44,15.47
4916.46,34.62,-12.72,15.63
4916.56,36.72,-10.63,14.71
4916.66,38.56,-8.20,12.90
4916.76,40.11,-5.48,10.43
4916.86,41.33,-2.54,7.58
4916.96,42.21,0.56,4.59
4917.06,42.74,3.73,1.71
4917.16,42.89,6.88,-0.87
4917.26,42.67,9.90,-3.01
4917.36,42.10,12.70,-4.62
4917.46,41.18,15.17,-5.67
4917.56,39.96,17.21,-6.18
4917.66,38.45,18.75,-6.20
4917.76,36.72,19.69,-5.83
4917.86,34.80,20.00,-5.15
4917.96,32.77,19.62,-4.29
4918.06,30.66,18.56,-3.34
4918.16,28.56,16.83,-2.39
4918.26,26.52,14.47,-1.52
4918.36,24.60,11.56,-0.77
4918.46,22.86,8.20,-0.19
4918.56,21.34,4.51,0.23
4918.66,20.09,0.64,0.48
4918.76,19.14,-3.25,0.59
4918.86,18.49,-6.99,0.60
4918.96,18.16,-10.44,0.52
4919.06,18.13,-13.41,0.40
4919.16,18.38,-15.79,0.27
4919.26,18.87,-17.45,0.15
4919.36,19.55,-18.31,0.06
4919.46,20.38,-18.32,0.01
4919.56,21.30,-17.49,0.00
4919.66,22.25,-15.85,0.02
4919.76,23.18,-13.48,0.06
4919.86,24.02,-10.50,0.11
4919.96,24.77,-7.07,0.14
4920.06,25.37,-3.36,0.13
4920.16,25.82,0.42,0.06
4920.26,26.11,4.08,-0.07
4920.36,26.26,7.42,-0.28
4920.46,26.28,10.26,-0.59
4920.56,26.21,12.47,-0.98
4920.66,26.07,13.93,-1.47
4920.76,25.89,14.58,-2.03
4920.86,25.70,14.40,-2.65
4920.96,25.52,13.42,-3.33
4921.06,25.36,11.73,-4.03
4921.16,25.21,9.45,-4.74
4921.26,25.09,6.73,-5.43
4921.36,24.96,3.76,-6.07
4921.46,24.82,0.73,-6.64
4921.56,24.65,-2.18,-7.13
4921.66,24.45,-4.80,-7.51
4921.76,24.23,-6.98,-7.75
4921.86,24.00,-8.61,-7.84
4921.96,23.80,-9.60,-7.79
4922.06,23.68,-9.95,-7.57
4922.16,23.68,-9.66,-7.17
4922.26,23.84,-8.79,-6.61
4922.36,24.22,-7.45,-5.87
4922.46,24.81,-5.74,-4.96
4922.56,25.62,-3.81,-3.90
4922.66,26.58,-1.81,-2.67
4922.76,27.63,0.12,-1.31
4922.86,28.64,1.88,0.19
4922.96,29.47,3.34,1.80
4923.06,29.99,4.44,3.51
4923.16,30.06,5.14,5.30
4923.26,29.59,5.44,7.18
4923.36,28.51,5.35,9.10
4923.46,26.86,4.92,11.05
4923.56,24.72,4.22,13.03
4923.66,22.27,3.33,15.00
4923.76,19.73,2.35,16.97
4923.86,17.41,1.34,18.91
4923.96,15.59,0.39,20.79
4924.06,14.54,-0.43,22.62
4924.16,14.48,-1.10,24.38
4924.26,15.55,-1.58,26.05
4924.36,17.75,-1.87,27.63
4924.46,20.95,-1.97,29.10
4924.56,24.92,-1.91,30.46
4924.67,29.26,-1.73,31.69
4924.77,33.53,-1.46,32.78
4924.87,37.28,-1.14,33.71
4924.96,40.03,-0.81,34.50
4925.06,41.42,-0.51,35.12
4925.17,41.19,-0.24,35.57
4925.27,39.26,-0.04,35.86
4925.37,35.74,0.10,35.95
4925.46,30.90,0.18,35.87
4925.56,25.20,0.20,35.58
4925.67,19.18,0.19,35.11
4925.77,13.44,0.15,34.44
4925.87,8.61,0.10,33.56
4925.96,5.20,0.06,32.49
4926.06,3.61,0.02,31.21
4926.17,4.05,0.00,29.73
4926.27,6.52,0.00,28.07
4926.37,10.83,0.01,26.21
4926.47,16.59,0.01,24.17
4926.57,23.25,0.01,21.95
4926.67,30.22,-0.00,19.53
4926.77,36.82,-0.05,16.95
4926.87,42.46,-0.12,14.24
4926.97,46.60,-0.23,11.37
4927.07,48.87,-0.37,8.40
4927.17,49.09,-0.53,5.33
4927.27,47.25,-0.71,2.20
4927.37,43.53,-0.87,-0.98
4927.47,38.31,-1.02,-4.19
4927.57,32.04,-1.12,-7.39
4927.67,25.25,-1.16,-10.55
4927.77,18.53,-1.13,-13.62
4927.87,12.40,-1.00,-16.58
4927.97,7.33,-0.77,-19.37
4928.07,3.67,-0.44,-21.96
4928.17,1.65,-0.01,-24.32
4928.27,1.35,0.52,-26.41
4928.37,2.71,1.11,-28.19
4928.47,5.54,1.76,-29.62
4928.57,9.60,2.44,-30.68
4928.67,14.51,3.11,-31.35
4928.77,19.91,3.75,-31.58
4928.87,25.40,4.31,-31.38
4928.97,30.61,4.78,-30.73
4929.07,35.23,5.12,-29.64
4929.17,39.01,5.31,-28.11
4929.27,41.80,5.32,-26.16
4929.37,43.49,5.15,-23.83
4929.47,44.09,4.79,-21.16
4929.57,43.63,4.23,-18.19
4929.67,42.24,3.49,-14.99
4929.77,40.08,2.58,-11.63
4929.87,37.34,1.51,-8.18
4929.97,34.21,0.31,-4.73
4930.07,30.90,-1.00,-1.36
4930.17,27.61,-2.37,1.84
4930.27,24.49,-3.78,4.79
4930.37,21.66,-5.19,7.42
4930.47,19.25,-6.57,9.66
4930.57,17.32,-7.88,11.46
4930.67,15.89,-9.09,12.78
4930.77,14.98,-10.18,13.58
4930.87,14.56,-11.11,13.87
4930.97,14.58,-11.86,13.68
4931.07,14.98,-12.42,13.02
4931.17,15.71,-12.77,11.95
4931.27,16.68,-12.90,10.55
4931.37,17.81,-12.82,8.90
4931.47,19.03,-12.51,7.09
4931.57,20.28,-11.99,5.20
4931.67,21.50,-11.27,3.34
4931.77,22.65,-10.36,1.59
4931.87,23.68,-9.26,0.04
4931.97,24.58,-8.01,-1.27
4932.07,25.33,-6.61,-2.28
4932.17,25.93,-5.10,-2.99
4932.27,26.37,-3.48,-3.38
4932.37,26.67,-1.79,-3.48
4932.47,26.84,-0.05,-3.33
4932.57,26.90,1.71,-2.99
4932.67,26.87,3.49,-2.51
4932.77,26.77,5.25,-1.98
4932.87,26.62,6.98,-1.43
4932.97,26.44,8.65,-0.93
4933.07,26.25,10.25,-0.51
4933.17,26.06,11.76,-0.20
4933.27,25.88,13.17,0.00
4933.37,25.72,14.47,0.10
4933.47,25.59,15.65,0.12
4933.57,25.49,16.69,0.09
4933.67,25.41,17.59,0.04
4933.77,25.36,18.34,0.01
4933.87,25.32,18.95,0.00
4933.97,25.30,19.41,0.04
4934.07,25.27,19.72,0.10
4934.17,25.23,19.88,0.17
4934.27,25.18,19.89,0.21
4934.37,25.10,19.75,0.18
4934.47,24.98,19.47,0.05
4934.57,24.81,19.06,-0.21
4934.67,24.59,18.52,-0.62
4934.77,24.31,17.86,-1.15
4934.87,23.97,17.08,-1.76
4934.97,23.57,16.20,-2.37
4935.07,23.10,15.22,-2.90
4935.17,22.59,14.14,-3.25
4935.27,22.03,12.99,-3.31
4935.37,21.43,11.78,-2.99
4935.47,20.81,10.50,-2.23
4935.57,20.18,9.17,-1.02
4935.67,19.57,7.80,0.60
4935.77,18.98,6.41,2.53
4935.87,18.46,5.00,4.61
4935.97,18.02,3.58,6.65
4936.07,17.69,2.16,8.42
4936.17,17.48,0.76,9.68
4936.27,17.43,-0.62,10.21
4936.37,17.56,-1.97,9.87
4936.47,17.89,-3.27,8.54
4936.57,18.44,-4.53,6.22
4936.67,19.22,-5.72,3.03
4936.77,20.24,-6.85,-0.86
4936.87,21.49,-7.90,-5.15
4936.97,22.97,-8.86,-9.48
4937.07,24.68,-9.73,-13.45
4937.17,26.58,-10.51,-16.66
4937.27,28.63,-11.18,-18.75
4937.37,30.81,-11.74,-19.45
4937.47,33.04,-12.19,-18.57
4937.57,35.29,-12.54,-16.07
4937.67,37.46,-12.76,-12.05
4937.77,39.50,-12.87,-6.74
4937.87,41.31,-12.86,-0.50
4937.97,42.83,-12.73,6.22
4938.07,43.96,-12.50,12.87
4938.17,44.64,-12.16,18.96
4938.27,44.78,-11.71,23.96
4938.37,44.36,-11.17,27.44
4938.47,43.31,-10.53,29.07
4938.57,41.62,-9.82,28.67
4938.67,39.31,-9.04,26.20
4938.77,36.40,-8.20,21.79
4938.87,32.95,-7.30,15.71
4938.97,29.07,-6.38,8.33
4939.07,24.87,-5.44,0.14
4939.17,20.51,-4.48,-8.32
4939.27,16.16,-3.53,-16.49
4939.37,11.97,-2.60,-23.82
4939.47,8.18,-1.70,-29.86
4939.57,4.98,-0.85,-34.22
4939.67,2.54,-0.06,-36.62
4939.77,1.02,0.66,-36.95
4939.87,0.54,1.31,-35.19
4939.97,1.19,1.87,-31.47
4940.07,2.97,2.34,-26.02
4940.17,5.84,2.72,-19.16
4940.27,9.71,2.99,-11.29
4940.37,14.39,3.17,-2.85
4940.47,19.65,3.26,5.72
4940.57,25.20,3.26,13.99
4940.67,30.74,3.18,21.56
4940.77,35.95,3.03,28.11
4940.87,40.49,2.82,33.36
4940.97,44.07,2.56,37.14
4941.07,46.44,2.26,39.33
4941.17,47.44,1.94,39.92
4941.27,46.99,1.62,38.94
4941.37,45.12,1.30,36.52
4941.47,41.96,0.99,32.81
4941.57,37.72,0.71,28.06
4941.67,32.75,0.47,22.49
4941.77,27.39,0.26,16.33
4941.87,22.04,0.10,9.85
4941.97,17.11,-0.02,3.28
4942.07,12.98,-0.10,-3.16
4942.17,9.95,-0.14,-9.22
4942.27,8.24,-0.15,-14.77
4942.37,7.92,-0.13,-19.69
4942.47,9.00,-0.11,-23.88
4942.57,11.30,-0.07,-27.26
4942.67,14.57,-0.04,-29.81
4942.77,18.50,-0.01,-31.53
4942.87,22.71,-0.00,-32.43
4942.97,26.79,-0.00,-32.57
4943.07,30.39,-0.02,-32.02
4943.17,33.22,-0.04,-30.86
4943.27,35.07,-0.07,-29.16
4943.37,35.84,-0.09,-27.04
4943.47,35.55,-0.09,-24.56
4943.57,34.32,-0.07,-21.82
4943.67,32.36,-0.01,-18.92
4943.77,29.94,0.09,-15.93
4943.87,27.33,0.24,-12.92
4943.97,24.83,0.43,-9.98
4944.07,22.68,0.66,-7.12
4944.17,21.04,0.93,-4.42
4944.27,20.03,1.20,-1.90
4944.37,19.67,1.46,0.39
4944.48,19.90,1.68,2.46
4944.58,20.60,1.82,4.28
4944.67,21.63,1.87,5.84
4944.77,22.80,1.79,7.16
4944.88,23.98,1.55,8.22
4944.98,25.02,1.16,9.05
4945.08,25.83,0.60,9.65
4945.17,26.36,-0.11,10.06
4945.27,26.62,-0.95,10.27
4945.38,26.63,-1.88,10.31
4945.48,26.46,-2.84,10.21
4945.58,26.18,-3.76,9.97
4945.67,25.85,-4.57,9.62
4945.77,25.52,-5.21,9.18
4945.88,25.23,-5.58,8.66
4945.98,25.01,-5.65,8.09
4946.08,24.83,-5.34,7.48
4946.17,24.71,-4.65,6.84
4946.27,24.60,-3.57,6.20
4946.38,24.52,-2.13,5.54
4946.48,24.44,-0.39,4.90
4946.58,24.39,1.55,4.29
4946.68,24.37,3.58,3.70
4946.78,24.42,5.57,3.14
4946.88,24.57,7.38,2.63
4946.98,24.84,8.85,2.16
4947.08,25.24,9.87,1.74
4947.18,25.75,10.30,1.37
4947.28,26.35,10.09,1.04
4947.38,26.96,9.19,0.77
4947.48,27.53,7.62,0.54
4947.58,27.96,5.43,0.36
4947.68,28.18,2.73,0.22
4947.78,28.11,-0.32,0.12
4947.88,27.70,-3.53,0.05
4947.98,26.93,-6.70,0.02
4948.08,25.81,-9.59,0.00
4948.18,24.40,-12.01,0.00
4948.28,22.79,-13.75,0.01
4948.38,21.09,-14.68,0.02
4948.48,19.44,-14.68,0.03
4948.58,18.00,-13.72,0.02
4948.68,16.90,-11.82,-0.01
4948.78,16.25,-9.08,-0.07
4948.88,16.16,-5.65,-0.18
4948.98,16.68,-1.73,-0.33
4949.08,17.83,2.43,-0.53
4949.18,19.57,6.56,-0.79
4949.28,21.84,10.40,-1.12
4949.38,24.51,13.69,-1.52
4949.48,27.46,16.21,-2.00
4949.58,30.50,17.77,-2.55
4949.68,33.46,18.26,-3.17
4949.78,36.19,17.64,-3.87
4949.88,38.52,15.94,-4.63
4949.98,40.31,13.24,-5.44
4950.08,41.45,9.70,-6.31
4950.18,41.88,5.54,-7.20
4950.28,41.55,1.01,-8.10
4950.38,40.48,-3.63,-8.99
4950.48,38.70,-8.09,-9.84
4950.58,36.27,-12.11,-10.63
4950.68,33.31,-15.47,-11.31
4950.78,29.91,-17.98,-11.85
4950.88,26.23,-19.49,-12.23
4950.98,22.40,-19.94,-12.39
4951.08,18.57,-19.31,-12.30
4951.18,14.87,-17.66,-11.94
4951.28,11.44,-15.10,-11.26
4951.38,8.38,-11.77,-10.23
4951.48,5.79,-7.86,-8.84
4951.58,3.73,-3.60,-7.07
4951.68,2.27,0.79,-4.93
4951.78,1.43,5.08,-2.44
4951.88,1.20,9.05,0.40
4951.98,1.58,12.54,3.53
4952.08,2.54,15.38,6.89
4952.18,4.04,17.46,10.44
4952.28,6.01,18.71,14.05
4952.38,8.39,19.10,17.60
4952.48,11.09,18.65,20.99
4952.58,14.06,17.42,24.06
4952.68,17.20,15.50,26.68
4952.78,20.44,12.99,28.71
4952.88,23.71,10.05,30.01
4952.98,26.93,6.80,30.45
4953.08,30.03,3.41,29.92
4953.18,32.95,0.02,28.37
4953.28,35.64,-3.25,25.74
4953.38,38.08,-6.26,22.05
4953.48,40.21,-8.92,17.32
4953.58,42.02,-11.16,11.70
4953.68,43.49,-12.91,5.34
4953.78,44.60,-14.15,-1.54
4953.88,45.36,-14.87,-8.66
4953.98,45.77,-15.07,-15.73
4954.08,45.84,-14.79,-22.42
4954.18,45.59,-14.08,-28.38
4954.28,45.05,-12.99,-33.27
4954.38,44.23,-11.59,-36.80
4954.48,43.16,-9.94,-38.70
4954.58,41.88,-8.12,-38.78
4954.68,40.43,-6.20,-36.93
4954.78,38.83,-4.24,-33.17
4954.88,37.11,-2.32,-27.59
4954.98,35.33,-0.47,-20.43
4955.08,33.50,1.25,-12.06
4955.18,31.67,2.80,-2.89
4955.28,29.88,4.16,6.57
4955.38,28.13,5.32,15.72
4955.48,26.47,6.25,24.03
4955.58,24.91,6.96,30.94
4955.68,23.50,7.45,35.98
4955.78,22.23,7.73,38.80
4955.88,21.13,7.82,39.17
4955.98,20.20,7.74,37.04
4956.08,19.45,7.51,32.51
4956.18,18.88,7.14,25.89
4956.28,18.50,6.68,17.61
4956.38,18.29,6.13,8.24
4956.48,18.25,5.52,-1.56
4956.58,18.37,4.88,-11.08
4956.68,18.61,4.22,-19.63
4956.78,18.98,3.57,-26.58
4956.88,19.45,2.93,-31.46
4956.98,19.99,2.33,-33.90
4957.08,20.58,1.76,-33.79
4957.18,21.20,1.25,-31.18
4957.28,21.83,0.79,-26.33
4957.38,22.44,0.38,-19.66
4957.48,23.03,0.04,-11.76
4957.58,23.56,-0.24,-3.30
4957.68,24.03,-0.46,5.01
4957.78,24.44,-0.63,12.55
4957.88,24.77,-0.75,18.72
4957.98,25.02,-0.82,23.12
4958.08,25.21,-0.85,25.44
4958.18,25.34,-0.85,25.62
4958.28,25.41,-0.82,23.77
4958.38,25.45,-0.76,20.17
4958.48,25.47,-0.69,15.21
4958.58,25.47,-0.60,9.39
4958.68,25.47,-0.51,3.27
4958.78,25.49,-0.42,-2.60
4958.88,25.52,-0.33,-7.79
4958.98,25.56,-0.25,-11.91
4959.08,25.61,-0.18,-14.71
4959.18,25.65,-0.11,-16.07
4959.28,25.68,-0.06,-16.03
4959.38,25.66,-0.03,-14.72
4959.48,25.57,-0.01,-12.40
4959.58,25.40,-0.00,-9.35
4959.68,25.13,-0.01,-5.93
4959.78,24.74,-0.03,-2.47
4959.88,24.23,-0.06,0.73
4959.98,23.61,-0.09,3.44
4960.08,22.92,-0.14,5.49
4960.18,22.19,-0.18,6.81
4960.28,21.47,-0.23,7.39
4960.38,20.84,-0.28,7.30
4960.48,20.38,-0.31,6.65
4960.58,20.16,-0.34,5.60
4960.68,20.27,-0.36,4.31
4960.78,20.76,-0.35,2.94
4960.88,21.67,-0.33,1.63
4960.98,23.00,-0.28,0.49
4961.08,24.72,-0.20,-0.42
4961.18,26.75,-0.10,-1.05
4961.28,28.97,0.04,-1.41
4961.38,31.21,0.22,-1.53
4961.48,33.30,0.43,-1.46
4961.58,35.01,0.68,-1.26
4961.68,36.15,0.96,-0.99
4961.78,36.53,1.29,-0.70
4961.88,36.02,1.65,-0.44
4961.98,34.54,2.05,-0.24
4962.08,32.11,2.48,-0.10
4962.18,28.83,2.94,-0.03
4962.28,24.92,3.43,-0.00
4962.38,20.64,3.94,0.00
4962.48,16.36,4.47,0.00
4962.58,12.49,5.01,0.04
4962.68,9.42,5.54,0.11
4962.78,7.51,6.07,0.24
4962.88,7.06,6.58,0.42
4962.98,8.20,7.06,0.65
4963.08,10.97,7.50,0.90
4963.18,15.20,7.89,1.13
4963.28,20.58,8.21,1.33
4963.38,26.67,8.46,1.45
4963.48,32.88,8.62,1.45
4963.58,38.64,8.68,1.32
4963.68,43.33,8.62,1.01
4963.78,46.42,8.44,0.52
4963.88,47.55,8.12,-0.15
4963.98,46.53,7.67,-1.00
4964.08,43.37,7.06,-2.00
4964.18,38.32,6.30,-3.13
4964.28,31.84,5.39,-4.35
4964.38,24.54,4.32,-5.60
4964.48,17.16,3.10,-6.86
4964.58,10.44,1.74,-8.04
4964.69,5.09,0.26,-9.11
4964.79,1.67,-1.34,-10.02
4964.88,0.53,-3.02,-10.72
4964.98,1.83,-4.77,-11.18
4965.08,5.42,-6.54,-11.36
4965.19,10.96,-8.31,-11.23
4965.29,17.83,-10.05,-10.79
4965.38,25.38,-11.70,-10.03
4965.48,32.81,-13.22,-8.96
4965.58,39.38,-14.57,-7.59
4965.69,44.44,-15.71,-5.94
4965.79,47.54,-16.59,-4.04
4965.88,48.40,-17.17,-1.91
4965.98,47.01,-17.42,0.39
4966.08,43.56,-17.30,2.84
4966.19,38.47,-16.79,5.41
4966.29,32.30,-15.88,8.04
4966.38,25.66,-14.56,10.69
4966.49,19.22,-12.85,13.34
4966.59,13.58,-10.76,15.92
4966.69,9.20,-8.33,18.43
4966.79,6.45,-5.60,20.83
4966.89,5.46,-2.63,23.07
4966.99,6.22,0.48,25.14
4967.09,8.55,3.68,27.02
4967.19,12.12,6.84,28.70
4967.29,16.55,9.88,30.13
4967.39,21.37,12.69,31.34
4967.49,26.15,15.18,32.30
4967.59,30.49,17.23,33.02
4967.69,34.05,18.76,33.50
4967.79,36.62,19.70,33.72
4967.89,38.08,20.00,33.70
4967.99,38.42,19.61,33.44
4968.09,37.74,18.53,32.95
4968.19,36.19,16.77,32.25
4968.29,33.99,14.40,31.33
4968.39,31.40,11.47,30.20
4968.49,28.65,8.09,28.91
4968.59,25.97,4.38,27.44
4968.69,23.55,0.51,25.81
4968.79,21.54,-3.39,24.04
4968.89,20.02,-7.13,22.11
4968.99,19.03,-10.55,20.06
4969.09,18.57,-13.51,17.93
4969.19,18.58,-15.85,15.68
4969.29,18.98,-17.47,13.37
4969.39,19.69,-18.29,10.98
4969.49,20.60,-18.26,8.53
4969.59,21.60,-17.38,6.07
4969.69,22.62,-15.70,3.59
4969.79,23.58,-13.29,1.09
4969.89,24.43,-10.28,-1.40
4969.99,25.12,-6.83,-3.90
4970.09,25.64,-3.13,-6.36
4970.19,26.00,0.65,-8.77
4970.29,26.20,4.29,-11.13
4970.39,26.28,7.59,-13.41
4970.49,26.25,10.40,-15.61
4970.59,26.16,12.55,-17.72
4970.69,26.02,13.95,-19.70
4970.79,25.86,14.53,-21.54
4970.89,25.71,14.29,-23.25
4970.99,25.57,13.27,-24.81
4971.09,25.45,11.53,-26.19
4971.19,25.36,9.23,-27.42
4971.29,25.28,6.50,-28.44
4971.39,25.22,3.53,-29.26
4971.49,25.15,0.51,-29.87
4971.59,25.06,-2.37,-30.25
4971.69,24.95,-4.95,-30.41
4971.79,24.80,-7.07,-30.34
4971.89,24.61,-8.64,-30.03
4971.99,24.36,-9.59,-29.49
4972.09,24.06,-9.88,-28.70
4972.19,23.71,-9.55,-27.69
4972.29,23.32,-8.64,-26.46
4972.39,22.90,-7.28,-25.01
4972.49,22.46,-5.56,-23.36
4972.59,22.03,-3.64,-21.54
4972.69,21.61,-1.65,-19.56
4972.79,21.23,0.26,-17.44
4972.89,20.91,1.98,-15.22
4972.99,20.67,3.40,-12.93
4973.09,20.53,4.46,-10.59
4973.19,20.51,5.13,-8.23
4973.29,20.61,5.39,-5.92
4973.39,20.86,5.27,-3.67
4973.49,21.26,4.82,-1.52
4973.59,21.82,4.11,0.49
4973.69,22.52,3.22,2.32
4973.79,23.38,2.24,3.94
4973.89,24.39,1.25,5.34
4973.99,25.54,0.32,6.48
4974.09,26.80,-0.48,7.36
4974.19,28.17,-1.13,7.96
4974.29,29.62,-1.58,8.30
4974.39,31.14,-1.85,8.37
4974.49,32.69,-1.93,8.20
4974.59,34.25,-1.86,7.80
4974.69,35.77,-1.67,7.22
4974.79,37.25,-1.40,6.49
4974.89,38.63,-1.09,5.65
4974.99,39.90,-0.77,4.74
4975.09,41.01,-0.47,3.81
4975.19,41.94,-0.22,2.90
4975.29,42.67,-0.03,2.05
4975.39,43.15,0.10,1.29
4975.49,43.37,0.17,0.65
4975.59,43.31,0.19,0.14
4975.69,42.96,0.17,-0.24
4975.79,42.30,0.14,-0.47
4975.89,41.31,0.09,-0.59
4975.99,40.01,0.05,-0.60
4976.09,38.40,0.02,-0.53
4976.19,36.49,0.00,-0.42
4976.29,34.31,0.00,-0.29
4976.39,31.88,0.01,-0.17
4976.49,29.23,0.02,-0.07
4976.59,26.41,0.01,-0.02
4976.69,23.45,-0.01,-0.00
4976.79,20.41,-0.05,-0.02
4976.89,17.37,-0.14,-0.04
4976.99,14.38,-0.25,-0.06
4977.09,11.52,-0.40,-0.04
4977.19,8.84,-0.56,0.06
4977.29,6.43,-0.74,0.24
4977.39,4.35,-0.91,0.52
4977.49,2.67,-1.06,0.91
4977.59,1.45,-1.16,1.36
4977.69,0.75,-1.20,1.85
4977.79,0.61,-1.16,2.31
4977.89,1.04,-1.02,2.68
4977.99,2.07,-0.78,2.86
4978.09,3.69,-0.44,2.79
4978.19,5.86,0.00,2.39
4978.29,8.56,0.54,1.62
4978.39,11.71,1.15,0.48
4978.49,15.22,1.81,-1.01
4978.59,19.01,2.49,-2.77
4978.69,22.93,3.17,-4.66
4978.79,26.88,3.81,-6.53
4978.89,30.70,4.39,-8.18
4978.99,34.25,4.86,-9.41
4979.09,37.41,5.20,-10.00
4979.19,40.04,5.39,-9.82
4979.29,42.04,5.41,-8.73
4979.39,43.32,5.24,-6.71
4979.49,43.85,4.87,-3.82
4979.59,43.59,4.31,-0.19
4979.69,42.56,3.56,3.91
4979.79,40.82,2.64,8.19
4979.89,38.46,1.57,12.26
4979.99,35.59,0.36,15.73
4980.09,32.38,-0.95,18.20
4980.19,28.99,-2.33,19.35
4980.29,25.62,-3.75,18.93
4980.39,22.43,-5.17,16.84
4980.49,19.60,-6.56,13.12
4980.59,17.26,-7.89,7.96
4980.69,15.55,-9.11,1.72
4980.79,14.51,-10.21,-5.16
4980.89,14.19,-11.15,-12.10
4980.99,14.55,-11.92,-18.47
4981.09,15.52,-12.50,-23.69
4981.19,16.99,-12.87,-27.26
4981.29,18.83,-13.02,-28.75
4981.39,20.88,-12.95,-27.95
4981.49,22.96,-12.67,-24.79
4981.59,24.92,-12.17,-19.44
4981.69,26.63,-11.47,-12.28
4981.79,27.99,-10.57,-3.80
4981.89,28.91,-9.50,5.32
4981.99,29.38,-8.26,14.36
4982.09,29.43,-6.88,22.58
4982.19,29.11,-5.38,29.30
4982.29,28.50,-3.78,33.94
4982.39,27.70,-2.10,36.12
4982.49,26.83,-0.36,35.63
4982.59,25.98,1.40,32.46
4982.69,25.23,3.18,26.83
4982.79,24.64,4.94,19.17
4982.89,24.23,6.67,10.03
4982.99,24.01,8.35,0.04
4983.09,23.94,9.96,-10.05
4983.19,24.01,11.48,-19.51
4983.29,24.15,12.91,-27.70
4983.39,24.34,14.23,-34.06
4983.49,24.53,15.43,-38.20
4983.59,24.71,16.50,-39.87
4983.69,24.87,17.43,-39.02
4983.79,25.03,18.22,-35.76
4983.89,25.18,18.86,-30.34
4983.99,25.35,19.35,-23.18
4984.09,25.54,19.69,-14.75
4984.19,25.73,19.88,-5.61
4984.29,25.90,19.92,3.67
4984.39,26.01,19.82,12.58
4984.50,26.01,19.58,20.62
4984.60,25.85,19.20,27.37
4984.69,25.50,18.69,32.58
4984.79,24.95,18.06,35.99
4984.90,24.22,17.31,37.55
4985.00,23.37,16.45,37.27
4985.10,22.50,15.50,35.28
4985.19,21.72,14.46,31.78
4985.29,21.18,13.33,27.03
4985.40,20.99,12.13,21.32
4985.50,21.27,10.87,14.99
4985.60,22.06,9.56,8.35
4985.69,23.36,8.21,1.71
4985.79,25.11,6.83,-4.65
4985.90,27.15,5.44,-10.47
4986.00,29.29,4.02,-15.58
4986.10,31.29,2.61,-19.84
4986.19,32.90,1.21,-23.17
4986.29,33.89,-0.18,-25.52
4986.40,34.06,-1.53,-26.90
4986.50,33.32,-2.84,-27.34
4986.60,31.63,-4.10,-26.93
4986.70,29.09,-5.30,-25.77
4986.80,25.87,-6.44,-23.98
4986.90,22.24,-7.50,-21.67
4987.00,18.53,-8.49,-18.99
4987.10,15.09,-9.38,-16.06
4987.20,12.27,-10.18,-12.99
4987.30,10.38,-10.87,-9.90
4987.40,9.65,-11.46,-6.88
4987.50,10.20,-11.94,-4.01
4987.60,12.05,-12.30,-1.35
4987.70,15.10,-12.56,1.04
4987.80,19.13,-12.69,3.13
4987.90,23.86,-12.70,4.91
4988.00,28.91,-12.60,6.36
4988.10,33.91,-12.39,7.49
4988.20,38.44,-12.07,8.32
4988.30,42.16,-11.64,8.86
4988.40,44.78,-11.12,9.14
4988.50,46.10,-10.50,9.18
4988.60,46.01,-9.81,9.04
4988.70,44.50,-9.05,8.72
4988.80,41.67,-8.22,8.27
4988.90,37.72,-7.35,7.71
4989.00,32.92,-6.43,7.08
4989.10,27.56,-5.50,6.40
4989.20,22.01,-4.56,5.71
4989.30,16.58,-3.61,5.01
4989.40,11.59,-2.69,4.32
4989.50,7.31,-1.80,3.67
4989.60,3.97,-0.95,3.06
4989.70,1.72,-0.16,2.50
4989.80,0.65,0.56,2.00
4989.90,0.77,1.21,1.56
4990.00,2.03,1.77,1.18
4990.10,4.33,2.24,0.87
4990.20,7.49,2.62,0.61
4990.30,11.35,2.90,0.41
4990.40,15.70,3.08,0.25
4990.50,20.33,3.17,0.14
4990.60,25.02,3.18,0.07
4990.70,29.55,3.10,0.03
4990.80,33.78,2.95,0.01
4990.90,37.54,2.75,0.00
4991.00,40.73,2.49,-0.00
4991.10,43.26,2.21,-0.00
4991.20,45.09,1.90,-0.01
4991.30,46.20,1.58,-0.04
4991.40,46.61,1.26,-0.09
4991.50,46.35,0.97,-0.17
4991.60,45.48,0.69,-0.29
4991.70,44.09,0.46,-0.45
4991.80,42.26,0.26,-0.65
4991.90,40.08,0.10,-0.90
4992.00,37.65,-0.01,-1.20
4992.10,35.06,-0.09,-1.56
4992.20,32.40,-0.13,-1.98
4992.30,29.76,-0.14,-2.45
4992.40,27.21,-0.12,-2.98
4992.50,24.81,-0.09,-3.56
4992.60,22.60,-0.06,-4.20
4992.70,20.63,-0.03,-4.88
4992.80,18.95,-0.01,-5.60
4992.90,17.54,-0.00,-6.36
4993.00,16.43,-0.00,-7.15
4993.10,15.60,-0.02,-7.96
4993.20,15.04,-0.05,-8.77
4993.30,14.76,-0.08,-9.57
4993.40,14.71,-0.10,-10.35
4993.50,14.88,-0.10,-11.10
4993.60,15.24,-0.07,-11.80
4993.70,15.75,-0.01,-12.43
4993.80,16.39,0.10,-12.96
4993.90,17.13,0.25,-13.38
4994.00,17.93,0.46,-13.67
4994.10,18.78,0.70,-13.80
4994.20,19.63,0.97,-13.76
4994.30,20.47,1.24,-13.51
4994.40,21.29,1.51,-13.04
4994.50,22.05,1.73,-12.34
4994.60,22.76,1.87,-11.39
4994.70,23.39,1.91,-10.16
4994.80,23.95,1.81,-8.63
4994.90,24.42,1.57,-6.83
4995.00,24.81,1.15,-4.75
4995.10,25.12,0.57,-2.37
4995.20,25.36,-0.16,0.25
4995.30,25.52,-1.02,3.13
4995.40,25.63,-1.96,6.20
4995.50,25.68,-2.93,9.44
4995.60,25.69,-3.86,12.81
4995.70,25.67,-4.68,16.20
4995.80,25.63,-5.30,19.58
4995.90,25.59,-5.66,22.87
4996.00,25.55,-5.69,25.96
4996.10,25.51,-5.36,28.77
4996.20,25.49,-4.63,31.18
4996.30,25.50,-3.50,33.11
4996.40,25.52,-2.02,34.45
4996.50,25.57,-0.25,35.11
4996.60,25.64,1.72,35.01
4996.70,25.72,3.78,34.08
4996.80,25.80,5.77,32.28
4996.90,25.87,7.56,29.59
4997.00,25.92,9.01,26.01
4997.10,25.94,9.99,21.59
4997.20,25.90,10.38,16.37
4997.30,25.79,10.10,10.49
4997.40,25.60,9.14,4.11
4997.50,25.30,7.50,-2.61
4997.60,24.90,5.25,-9.44
4997.70,24.39,2.50,-16.18
4997.80,23.76,-0.58,-22.53
4997.90,23.02,-3.82,-28.24
4998.00,22.20,-6.98,-33.06
4998.10,21.30,-9.86,-36.74
4998.20,20.37,-12.23,-39.08
4998.30,19.45,-13.92,-39.93
4998.40,18.58,-14.77,-39.18
4998.50,17.81,-14.69,-36.78
4998.60,17.21,-13.64,-32.81
4998.70,16.84,-11.66,-27.37
4998.80,16.77,-8.85,-20.68
4998.90,17.03,-5.35,-13.04
4999.00,17.68,-1.39,-4.80
4999.10,18.74,2.79,3.65
4999.20,20.23,6.92,11.82
4999.30,22.11,10.73,19.32
4999.40,24.38,13.97,25.74
4999.50,26.94,16.41,30.70
4999.60,29.69,17.89,33.90
4999.70,32.52,18.29,35.15
4999.80,35.27,17.58,34.39
4999.90,37.78,15.78,31.66
5000.00,39.88,13.00,27.12
5000.10,41.39,9.41,21.08
5000.20,42.17,5.22,13.96
5000.30,42.07,0.67,6.19
5000.40,41.02,-3.96,-1.68
5000.50,39.00,-8.41,-9.12
5000.60,36.02,-12.39,-15.66
5000.70,32.20,-15.69,-20.85
5000.80,27.70,-18.13,-24.40
5000.90,22.76,-19.56,-26.10
5001.00,17.68,-19.94,-25.90
5001.10,12.80,-19.24,-23.89
5001.20,8.48,-17.52,-20.31
5001.30,5.06,-14.89,-15.50
5001.40,2.85,-11.51,-9.88
5001.50,2.09,-7.58,-3.92
5001.60,2.91,-3.31,1.88
5001.70,5.34,1.06,7.09
5001.80,9.28,5.33,11.34
5001.90,14.51,9.28,14.36
5002.00,20.65,12.72,16.02
5002.10,27.27,15.50,16.28
5002.20,33.83,17.53,15.24
5002.30,39.81,18.72,13.11
5002.40,44.67,19.06,10.17
5002.50,48.00,18.57,6.75
5002.60,49.44,17.31,3.19
5002.70,48.84,15.36,-0.19
5002.80,46.22,12.84,-3.11
5002.90,41.78,9.89,-5.38
5003.00,35.89,6.65,-6.88
5003.10,29.08,3.27,-7.59
5003.20,21.96,-0.11,-7.54
5003.30,15.21,-3.35,-6.87
5003.40,9.43,-6.33,-5.73
5003.50,5.17,-8.96,-4.31
5003.60,2.83,-11.17,-2.79
5003.70,2.60,-12.90,-1.34
5003.80,4.47,-14.11,-0.09
5003.90,8.22,-14.81,0.88
5004.00,13.44,-15.00,1.51
5004.10,19.59,-14.71,1.83
5004.20,26.00,-13.99,1.87
5004.30,32.06,-12.90,1.70
5004.40,37.18,-11.50,1.39
5004.50,40.88,-9.87,1.02
5004.60,42.85,-8.06,0.67
5004.71,42.99,-6.16,0.37
5004.81,41.37,-4.22,0.16
5004.90,38.25,-2.32,0.03
5005.00,34.04,-0.49,-0.02
5005.10,29.23,1.21,-0.02
5005.21,24.36,2.75,-0.00
5005.31,19.92,4.09,-0.00
5005.40,16.32,5.24,-0.04
5005.50,13.87,6.16,-0.12
5005.60,12.70,6.86,-0.23
5005.71,12.82,7.35,-0.36
5005.81,14.10,7.63,-0.47
5005.90,16.29,7.72,-0.52
5006.00,19.09,7.64,-0.47
5006.10,22.14,7.41,-0.28
5006.21,25.09,7.06,0.06
5006.31,27.68,6.60,0.57
5006.40,29.69,6.06,1.23
5006.51,30.99,5.46,2.00
5006.61,31.56,4.84,2.84
5006.71,31.43,4.19,3.67
5006.81,30.74,3.55,4.42
5006.91,29.63,2.92,5.01
5007.01,28.29,2.33,5.35
5007.11,26.89,1.77,5.38
5007.21,25.58,1.26,5.06
5007.31,24.47,0.81,4.33
5007.41,23.64,0.42,3.21
5007.51,23.11,0.08,1.71
5007.61,22.88,-0.20,-0.13
5007.71,22.89,-0.42,-2.23
5007.81,23.10,-0.58,-4.53
5007.91,23.42,-0.70,-6.91
5008.01,23.80,-0.77,-9.27
5008.11,24.18,-0.80,-11.49
5008.21,24.53,-0.80,-13.47
5008.31,24.81,-0.77,-15.10
5008.41,25.02,-0.72,-16.29
5008.51,25.17,-0.65,-17.00
5008.61,25.28,-0.57,-17.14
5008.71,25.36,-0.48,-16.71
5008.81,25.43,-0.39,-15.70
5008.91,25.51,-0.31,-14.11
5009.01,25.58,-0.23,-11.99
5009.11,25.65,-0.16,-9.38
5009.21,25.70,-0.10,-6.36
5009.31,25.72,-0.05,-2.99
5009.41,25.67,-0.02,0.64
5009.51,25.54,-0.00,4.40
5009.61,25.31,-0.00,8.24
5009.71,24.97,-0.01,12.06
5009.81,24.51,-0.03,15.77
5009.91,23.95,-0.07,19.29
5010.01,23.31,-0.11,22.56
5010.11,22.63,-0.15,25.51
5010.21,21.93,-0.20,28.10
5010.31,21.28,-0.25,30.28
5010.41,20.71,-0.30,32.01
5010.51,20.28,-0.34,33.29
5010.61,20.03,-0.37,34.10
5010.71,20.00,-0.39,34.44
5010.81,20.21,-0.39,34.33
5010.91,20.69,-0.37,33.79
5011.01,21.45,-0.32,32.82
5011.11,22.46,-0.24,31.49
5011.21,23.72,-0.14,29.79
5011.31,25.18,-0.00,27.77
5011.41,26.82,0.17,25.49
5011.51,28.56,0.38,22.96
5011.61,30.37,0.63,20.23
5011.71,32.18,0.92,17.34
5011.81,33.93,1.25,14.33
5011.91,35.56,1.61,11.23
5012.01,37.03,2.02,8.08
5012.11,38.27,2.46,4.92
5012.21,39.24,2.93,1.75
5012.31,39.92,3.42,-1.37
5012.41,40.27,3.94,-4.41
5012.51,40.28,4.48,-7.38
5012.61,39.92,5.02,-10.22
5012.71,39.23,5.57,-12.95
5012.81,38.19,6.11,-15.54
5012.91,36.83,6.63,-17.99
5013.01,35.17,7.12,-20.27
5013.11,33.24,7.58,-22.38
5013.21,31.07,7.98,-24.30
5013.31,28.72,8.32,-26.03
5013.41,26.23,8.58,-27.56
5013.51,23.63,8.75,-28.89
5013.61,21.00,8.82,-30.04
5013.71,18.35,8.77,-30.99
5013.81,15.74,8.60,-31.75
5013.91,13.22,8.30,-32.32
5014.01,10.83,7.84,-32.70
5014.11,8.62,7.24,-32.89
5014.21,6.62,6.48,-32.91
5014.31,4.86,5.57,-32.75
5014.41,3.37,4.49,-32.42
5014.51,2.19,3.27,-31.92
5014.61,1.31,1.91,-31.28
5014.71,0.77,0.41,-30.48
5014.81,0.57,-1.20,-29.54
5014.91,0.72,-2.90,-28.46
5015.01,1.20,-4.65,-27.28
5015.11,2.02,-6.44,-25.97
5015.21,3.16,-8.24,-24.56
5015.31,4.60,-9.99,-23.06
5015.41,6.34,-11.67,-21.48
5015.51,8.32,-13.21,-19.83
5015.61,10.53,-14.58,-18.14
5015.71,12.92,-15.74,-16.39
5015.81,15.47,-16.64,-14.63
5015.91,18.13,-17.23,-12.86
5016.01,20.86,-17.49,-11.09
5016.11,23.60,-17.37,-9.34
5016.21,26.32,-16.87,-7.63
5016.31,28.95,-15.96,-5.97
5016.41,31.48,-14.63,-4.38
5016.51,33.83,-12.91,-2.86
5016.61,35.97,-10.80,-1.45
5016.71,37.86,-8.35,-0.14
5016.81,39.46,-5.60,1.04
5016.91,40.75,-2.62,2.08
5017.01,41.70,0.51,2.99
5017.11,42.29,3.71,3.75
5017.21,42.51,6.89,4.36
5017.31,42.36,9.94,4.81
5017.41,41.85,12.75,5.12
5017.51,41.00,15.23,5.28
5017.61,39.83,17.28,5.31
5017.71,38.38,18.80,5.21
5017.81,36.69,19.72,4.99
5017.91,34.83,20.00,4.67
5018.01,32.82,19.58,4.28
5018.11,30.76,18.47,3.83
5018.21,28.69,16.69,3.33
5018.31,26.67,14.28,2.82
5018.41,24.78,11.33,2.32
5018.51,23.07,7.92,1.83
5018.61,21.58,4.20,1.39
5018.71,20.34,0.32,1.00
5018.81,19.40,-3.57,0.67
5018.91,18.77,-7.30,0.41
5019.01,18.44,-10.71,0.22
5019.11,18.40,-13.63,0.09
5019.21,18.64,-15.94,0.02
5019.31,19.12,-17.51,-0.01
5019.41,19.78,-18.27,-0.01
5019.51,20.59,-18.19,-0.00
5019.61,21.48,-17.26,-0.00
5019.71,22.39,-15.52,-0.04
5019.81,23.28,-13.07,-0.11
5019.91,24.09,-10.03,-0.23
5020.01,24.80,-6.57,-0.40
5020.11,25.36,-2.85,-0.62
5020.21,25.78,0.91,-0.86
5020.31,26.05,4.52,-1.10
5020.41,26.18,7.79,-1.30
5020.51,26.19,10.54,-1.44
5020.61,26.12,12.63,-1.45
5020.71,25.98,13.97,-1.31
5020.81,25.81,14.49,-0.97
5020.91,25.64,14.18,-0.41
5021.01,25.48,13.10,0.38
5021.11,25.33,11.32,1.39
5021.21,25.20,8.98,2.59
5021.31,25.07,6.24,3.91
5021.41,24.94,3.27,5.26
5021.51,24.79,0.26,6.55
5021.61,24.60,-2.58,7.64
5021.71,24.39,-5.11,8.41
5021.81,24.14,-7.18,8.71
5021.91,23.90,-8.69,8.44
5022.01,23.70,-9.58,7.52
5022.11,23.59,-9.81,5.89
5022.21,23.61,-9.43,3.59
5022.31,23.82,-8.49,0.66
5022.41,24.26,-7.09,-2.73
5022.51,24.92,-5.36,-6.40
5022.61,25.79,-3.44,-10.07
5022.71,26.81,-1.48,-13.46
5022.81,27.90,0.41,-16.25
5022.91,28.92,2.09,-18.15
5023.01,29.74,3.48,-18.87
5023.11,30.20,4.49,-18.23
5023.21,30.18,5.11,-16.13
5023.31,29.57,5.34,-12.60
5023.41,28.36,5.19,-7.77
5023.51,26.56,4.72,-1.92
5023.61,24.29,4.00,4.57
5023.71,21.75,3.11,11.20
5023.81,19.18,2.14,17.44
5023.91,16.88,1.16,22.74
5024.01,15.15,0.25,26.57
5024.11,14.26,-0.53,28.51
5024.21,14.42,-1.15,28.27
5024.31,15.73,-1.58,25.72
5024.41,18.17,-1.83,20.94
5024.52,21.60,-1.89,14.19
5024.62,25.73,-1.81,5.98
5024.71,30.15,-1.62,-3.12
5024.81,34.42,-1.35,-12.34
5024.92,38.05,-1.04,-20.94
5025.02,40.59,-0.72,-28.15
5025.12,41.68,-0.44,-33.29
5025.21,41.11,-0.20,-35.88
5025.31,38.84,-0.02,-35.61
5025.42,35.01,0.10,-32.44
5025.52,29.93,0.17,-26.54
5025.62,24.07,0.18,-18.35
5025.71,18.02,0.16,-8.50
5025.81,12.38,0.12,2.19
5025.92,7.76,0.08,12.89
5026.02,4.64,0.04,22.69
5026.12,3.41,0.01,30.81
5026.21,4.23,0.00,36.56
5026.31,7.06,0.00,39.47
5026.42,11.69,0.01,39.33
5026.52,17.66,0.02,36.15
5026.62,24.46,0.02,30.21
5026.72,31.42,-0.01,21.98
5026.82,37.90,-0.06,12.17
5026.92,43.31,-0.15,1.51
5027.02,47.16,-0.27,-9.17
5027.12,49.09,-0.42,-19.05
5027.22,48.96,-0.60,-27.41
5027.32,46.80,-0.78,-33.71
5027.42,42.84,-0.95,-37.53
5027.52,37.43,-1.10,-38.68
5027.62,31.05,-1.20,-37.18
5027.72,24.28,-1.23,-33.23
5027.82,17.64,-1.19,-27.20
5027.92,11.67,-1.04,-19.59
5028.02,6.80,-0.79,-10.96
5028.12,3.38,-0.44,-1.93
5028.22,1.60,0.01,6.86
5028.32,1.51,0.56,14.90
5028.42,3.05,1.18,21.73
5028.52,6.03,1.85,26.98
5028.62,10.16,2.55,30.45
5028.72,15.09,3.24,32.04
5028.82,20.45,3.89,31.79
5028.92,25.85,4.47,29.84
5029.02,30.95,4.94,26.43
5029.12,35.45,5.29,21.87
5029.22,39.12,5.47,16.50
5029.32,41.78,5.49,10.67
5029.42,43.37,5.32,4.70
5029.52,43.87,4.95,-1.06
5029.62,43.35,4.38,-6.35
5029.72,41.93,3.63,-10.95
5029.82,39.77,2.70,-14.70
5029.92,37.06,1.62,-17.51
5030.02,33.99,0.40,-19.34
5030.12,30.76,-0.92,-20.21
5030.22,27.54,-2.31,-20.22
5030.32,24.49,-3.73,-19.43
5030.42,21.75,-5.17,-17.99
5030.52,19.42,-6.57,-16.02
5030.62,17.54,-7.90,-13.69
5030.72,16.16,-9.14,-11.15
5030.82,15.27,-10.25,-8.52
5030.92,14.87,-11.21,-5.92
5031.02,14.89,-11.99,-3.45
5031.12,15.28,-12.58,-1.19
5031.22,15.97,-12.96,0.79
5031.32,16.90,-13.13,2.45
5031.42,17.98,-13.09,3.80
5031.52,19.15,-12.83,4.81
5031.62,20.35,-12.35,5.51
5031.72,21.52,-11.67,5.91
5031.82,22.62,-10.79,6.05
5031.92,23.61,-9.73,5.97
5032.02,24.48,-8.51,5.71
5032.12,25.20,-7.14,5.31
5032.22,25.77,-5.65,4.81
5032.32,26.20,-4.07,4.24
5032.42,26.49,-2.40,3.66
5032.52,26.66,-0.67,3.06
5032.62,26.72,1.08,2.50
5032.72,26.70,2.86,1.98
5032.82,26.61,4.62,1.51
5032.92,26.48,6.36,1.11
5033.02,26.32,8.05,0.78
5033.12,26.14,9.67,0.52
5033.22,25.97,11.21,0.32
5033.32,25.81,12.65,0.18
5033.42,25.67,14.00,0.08
5033.52,25.56,15.22,0.03
5033.62,25.47,16.31,0.01
5033.72,25.41,17.26,-0.00
5033.82,25.37,18.08,-0.00
5033.92,25.35,18.75,-0.00
5034.02,25.33,19.27,-0.02
5034.12,25.31,19.64,-0.06
5034.22,25.28,19.87,-0.13
5034.32,25.23,19.95,-0.24
5034.42,25.15,19.88,-0.39
5034.52,25.03,19.67,-0.59
5034.62,24.86,19.33,-0.84
5034.72,24.63,18.85,-1.14
5034.82,24.34,18.25,-1.50
5034.92,23.99,17.54,-1.90
5035.02,23.57,16.72,-2.36
5035.12,23.09,15.80,-2.86
5035.22,22.55,14.78,-3.40
5035.32,21.96,13.68,-3.97
5035.42,21.33,12.50,-4.58
5035.52,20.68,11.27,-5.21
5035.62,20.02,9.98,-5.87
5035.72,19.37,8.64,-6.53
5035.82,18.76,7.28,-7.19
5035.92,18.19,5.89,-7.84
5036.02,17.71,4.49,-8.47
5036.12,17.33,3.07,-9.08
5036.22,17.09,1.67,-9.65
5036.32,17.01,0.28,-10.17
5036.42,17.11,-1.07,-10.64
5036.52,17.41,-2.39,-11.05
5036.62,17.94,-3.66,-11.37
5036.72,18.71,-4.88,-11.60
5036.82,19.73,-6.03,-11.73
5036.92,20.99,-7.12,-11.75
5037.02,22.49,-8.11,-11.65
5037.12,24.22,-9.02,-11.41
5037.22,26.16,-9.84,-11.04
5037.32,28.26,-10.56,-10.51
5037.42,30.49,-11.17,-9.83
5037.52,32.78,-11.68,-8.97
5037.62,35.10,-12.07,-7.95
5037.72,37.35,-12.34,-6.75
5037.82,39.47,-12.50,-5.38
5037.92,41.36,-12.54,-3.84
5038.02,42.95,-12.46,-2.10
5038.12,44.15,-12.27,-0.20
5038.22,44.88,-11.97,1.88
5038.32,45.08,-11.57,4.10
5038.42,44.68,-11.07,6.48
5038.52,43.65,-10.47,8.99
5038.62,41.96,-9.80,11.60
5038.72,39.62,-9.04,14.30
5038.82,36.66,-8.23,17.02
5038.92,33.16,-7.37,19.78
5039.02,29.22,-6.47,22.51
5039.12,24.95,-5.55,25.17
5039.22,20.52,-4.61,27.71
5039.32,16.10,-3.68,30.07
5039.42,11.89,-2.76,32.22
5039.52,8.08,-1.88,34.10
5039.62,4.86,-1.03,35.64
5039.72,2.43,-0.24,36.79
5039.82,0.95,0.48,37.49
5039.92,0.53,1.13,37.70
5040.02,1.24,1.68,37.37
5040.12,3.11,2.15,36.45
5040.22,6.08,2.53,34.91
5040.32,10.02,2.81,32.76
5040.42,14.77,3.00,29.98
5040.52,20.09,3.09,26.57
5040.62,25.68,3.10,22.56
5040.72,31.22,3.03,18.01
5040.82,36.38,2.88,12.98
5040.92,40.82,2.68,7.56
5041.02,44.27,2.43,1.86
5041.12,46.49,2.15,-3.98
5041.22,47.33,1.85,-9.84
5041.32,46.71,1.53,-15.58
5041.42,44.69,1.23,-21.00
5041.52,41.40,0.94,-25.93
5041.62,37.08,0.67,-30.21
5041.72,32.04,0.44,-33.66
5041.82,26.67,0.25,-36.17
5041.92,21.39,0.10,-37.61
5042.02,16.58,-0.01,-37.90
5042.12,12.63,-0.08,-36.98
5042.22,9.80,-0.12,-34.85
5042.32,8.30,-0.12,-31.55
5042.42,8.19,-0.11,-27.19
5042.52,9.45,-0.08,-21.88
5042.62,11.90,-0.05,-15.84
5042.72,15.26,-0.02,-9.30
5042.82,19.22,-0.01,-2.52
5042.92,23.38,-0.00,4.20
5043.02,27.35,-0.01,10.57
5043.12,30.80,-0.03,16.30
5043.22,33.44,-0.06,21.14
5043.32,35.08,-0.08,24.84
5043.42,35.67,-0.10,27.26
5043.52,35.22,-0.10,28.26
5043.62,33.87,-0.08,27.83
5043.72,31.84,-0.01,26.01
5043.82,29.40,0.11,22.93
5043.92,26.85,0.27,18.79
5044.02,24.44,0.48,13.86
5044.12,22.41,0.73,8.45
5044.22,20.92,1.01,2.88
5044.32,20.06,1.29,-2.51
5044.42,19.82,1.56,-7.37
5044.52,20.14,1.78,-11.43
5044.62,20.90,1.92,-14.50
5044.73,21.94,1.95,-16.41
5044.83,23.09,1.84,-17.11
5044.92,24.21,1.58,-16.65
5045.02,25.18,1.15,-15.12
5045.12,25.91,0.54,-12.72
5045.23,26.37,-0.21,-9.69
5045.33,26.56,-1.09,-6.32
5045.42,26.54,-2.05,-2.87
5045.52,26.35,-3.03,0.38
5045.62,26.06,-3.97,3.20
5045.73,25.74,-4.78,5.42
5045.83,25.44,-5.40,6.93
5045.92,25.18,-5.74,7.69
5046.02,24.97,-5.75,7.73
5046.12,24.82,-5.38,7.15
5046.23,24.69,-4.61,6.09
5046.33,24.59,-3.45,4.72
5046.42,24.49,-1.93,3.21
5046.53,24.41,-0.12,1.72
5046.63,24.35,1.88,0.40
5046.73,24.34,3.94,-0.66
5046.83,24.41,5.94,-1.40
5046.93,24.58,7.73,-1.81
5047.03,24.89,9.16,-1.92
5047.13,25.33,10.10,-1.80
5047.23,25.88,10.44,-1.51
5047.33,26.51,10.12,-1.14
5047.43,27.15,9.10,-0.76
5047.53,27.72,7.39,-0.43
5047.63,28.14,5.09,-0.19
5047.73,28.32,2.30,-0.04
5047.83,28.20,-0.82,0.02
5047.93,27.72,-4.07,0.03
5048.03,26.86,-7.23,0.01
5048.13,25.67,-10.09,0.00
5048.23,24.18,-12.43,0.02
5048.33,22.51,-14.06,0.09
5048.43,20.77,-14.85,0.18
5048.53,19.10,-14.71,0.28
5048.63,17.66,-13.59,0.35
5048.73,16.58,-11.54,0.33
5048.83,15.98,-8.66,0.20
5048.93,15.96,-5.12,-0.09
5049.03,16.57,-1.12,-0.53
5049.13,17.81,3.06,-1.12
5049.23,19.64,7.19,-1.81
5049.33,21.98,10.98,-2.54
5049.43,24.72,14.18,-3.20
5049.53,27.71,16.57,-3.71
5049.63,30.80,17.98,-3.96
5049.73,33.79,18.32,-3.87
5049.83,36.53,17.53,-3.36
5049.93,38.85,15.67,-2.41
5050.03,40.62,12.83,-1.04
5050.13,41.74,9.18,0.72
5050.23,42.14,4.95,2.75
5050.33,41.79,0.38,4.94
5050.43,40.69,-4.25,7.11
5050.53,38.88,-8.68,9.10
5050.63,36.42,-12.62,10.72
5050.73,33.45,-15.87,11.82
5050.83,30.05,-18.25,12.25
5050.93,26.37,-19.62,11.94
5051.03,22.55,-19.93,10.81
5051.13,18.72,-19.17,8.89
5051.23,15.02,-17.40,6.23
5051.33,11.58,-14.74,2.94
5051.43,8.51,-11.34,-0.84
5051.53,5.89,-7.40,-4.91
5051.63,3.80,-3.12,-9.06
5051.73,2.28,1.26,-13.08
5051.83,1.37,5.50,-16.76
5051.93,1.07,9.41,-19.88
5052.03,1.38,12.81,-22.29
5052.13,2.27,15.57,-23.84
5052.23,3.67,17.56,-24.43
5052.33,5.56,18.72,-24.04
5052.43,7.87,19.03,-22.63
5052.53,10.50,18.51,-20.28
5052.63,13.39,17.22,-17.05
5052.73,16.48,15.26,-13.05
5052.83,19.67,12.74,-8.44
5052.93,22.90,9.80,-3.37
5053.03,26.09,6.56,1.99
5053.13,29.17,3.20,7.41
5053.23,32.09,-0.15,12.76
5053.33,34.81,-3.36,17.87
5053.43,37.27,-6.32,22.59
5053.53,39.45,-8.94,26.78
5053.63,41.31,-11.13,30.35
5053.73,42.83,-12.84,33.20
5053.83,44.02,-14.04,35.28
5053.93,44.86,-14.72,36.57
5054.03,45.35,-14.91,37.07
5054.13,45.51,-14.63,36.78
5054.23,45.34,-13.92,35.75
5054.33,44.88,-12.84,34.03
5054.43,44.14,-11.46,31.68
5054.53,43.15,-9.83,28.79
5054.63,41.95,-8.05,25.42
5054.73,40.57,-6.17,21.68
5054.83,39.03,-4.25,17.66
5054.93,37.38,-2.36,13.40
5055.03,35.65,-0.56,9.02
5055.13,33.87,1.12,4.62
5055.23,32.09,2.65,0.22
5055.33,30.32,3.99,-4.07
5055.43,28.60,5.11,-8.19
5055.53,26.97,6.03,-12.12
5055.63,25.43,6.73,-15.82
5055.73,24.01,7.22,-19.22
5055.83,22.74,7.50,-22.32
5055.93,21.64,7.60,-25.11
5056.03,20.69,7.53,-27.56
5056.13,19.93,7.31,-29.64
5056.23,19.35,6.97,-31.38
5056.33,18.93,6.53,-32.79
5056.43,18.70,6.00,-33.88
5056.53,18.63,5.42,-34.63
5056.63,18.71,4.81,-35.09
5056.73,18.93,4.18,-35.25
5056.83,19.26,3.55,-35.14
5056.93,19.69,2.93,-34.79
5057.03,20.20,2.35,-34.21
5057.13,20.76,1.80,-33.41
5057.23,21.35,1.30,-32.44
