timestamp_s,ai0_V,ai1_V
0.000000,-0.1513694972152285,0.43945983062485694
0.002000,-0.09277485313191425,0.5151445792324711
0.004000,0.024414435034714275,0.4150453955901427
0.006000,-0.046387426565957124,0.5420004577706569
0.008000,0.0976577401388571,0.4956130312046998
0.010000,-0.0976577401388571,0.5297932402532998
0.012000,0.06347753109025711,0.4272526131074998
0.014000,-0.05859464408331426,0.27832455939574274
0.016000,-0.12207217517357137,0.38330663004501414
0.018000,-0.10498207064927138,0.32471198596169987
0.020000,0.14892805371175707,0.4077210650797284
0.022000,-0.11230640115968567,0.2758831158922713
0.024000,-0.1440451667048142,0.388189517051957
0.026000,0.012207217517357137,0.44678416113527125
0.028000,0.03418020904859999,0.4565499351491569
0.030000,-0.0976577401388571,0.4736400396734569
0.032000,-0.012207217517357137,0.38086518654154267
0.034000,-0.12939650568398567,0.45899137865262835
0.036000,0.09033340962844282,0.5175860227359427
0.038000,0.00976577401388571,0.36865796902418557
0.040000,0.11718928816662852,0.4956130312046998
0.042000,0.1416037232013428,0.5542076752880141
0.044000,0.017090104524299994,0.319829098954757
0.046000,-0.004882887006942855,0.3491264209964141
0.048000,0.11474784466315709,0.34180209048599985
0.050000,0.09033340962844282,0.5322346837567712
0.052000,0.15625238422217136,0.5786221103227284
0.054000,0.041504539559014265,0.39795529106584265
0.056000,-0.06347753109025711,0.36865796902418557
0.058000,0.10986495765621423,0.2880903334096284
0.060000,-0.02929732204165713,0.3076218814373999
0.062000,0.061036087586785685,0.29785610742351415
0.064000,-0.13916227969787137,0.5566491187914855
0.066000,-0.05859464408331426,0.3637750820172427
0.068000,0.036621652552071414,0.4882887006942855
0.070000,0.10986495765621423,0.5004959182116426
0.072000,0.004882887006942855,0.3442435339894713
0.074000,0.08300907911802853,0.42236972610055695
0.076000,-0.0024414435034714275,0.5664148928053712
0.078000,0.08300907911802853,0.31494621194781414
0.080000,0.041504539559014265,0.39795529106584265
0.082000,0.08056763561455711,0.46631570916304266
0.084000,0.03418020904859999,0.3930724040588998
0.086000,-0.09277485313191425,0.35156786449988553
0.088000,-0.00976577401388571,0.5249103532463569
0.090000,0.017090104524299994,0.5810635538261998
0.092000,0.08789196612497138,0.388189517051957
0.094000,-0.08545052262149996,0.48340581368734264
0.096000,0.00976577401388571,0.30518043793392846
0.098000,0.07324330510414283,0.4370183871213855
0.100000,-0.09277485313191425,0.571297779812314
0.102000,-0.09277485313191425,0.5590905622949569
0.104000,0.07324330510414283,0.37842374303807125
0.106000,-0.0073243305104142824,0.3076218814373999
0.108000,0.15625238422217136,0.4931715877012284
0.110000,-0.08789196612497138,0.5517662317845426
0.112000,0.11230640115968567,0.46387426565957124
0.114000,-0.07568474860761425,0.34180209048599985
0.116000,0.11230640115968567,0.4321355001144427
0.118000,-0.08545052262149996,0.43945983062485694
0.120000,0.08545052262149996,0.4101625085831998
0.122000,-0.04882887006942855,0.4614328221560998
0.124000,0.07324330510414283,0.5175860227359427
0.126000,0.08545052262149996,0.4321355001144427
0.128000,-0.09521629663538567,0.40039673456931413
0.130000,0.11963073167009995,0.302738994430457
0.132000,0.024414435034714275,0.4907301441977569
0.134000,-0.0024414435034714275,0.32227054245822845
0.136000,0.15381094071869994,0.5688563363088426
0.138000,0.03418020904859999,0.39551384756237123
0.140000,0.012207217517357137,0.40527962157625697
0.142000,0.1245136186770428,0.388189517051957
0.144000,0.0073243305104142824,0.3735408560311284
0.146000,0.16601815823605706,0.38330663004501414
0.148000,0.09277485313191425,0.46387426565957124
0.150000,-0.06836041809719998,0.5224689097428855
0.152000,0.1245136186770428,0.4126039520866712
0.154000,0.021972991531242846,0.5615320057984283
0.156000,-0.11963073167009995,0.5932707713435569
0.158000,0.04394598306248569,0.3100633249408713
0.160000,0.031738765545128556,0.354009308003357
0.162000,0.12695506218051422,0.48340581368734264
0.164000,0.0708018616006714,0.3564507515068284
0.166000,0.12695506218051422,0.33447775997558554
0.168000,-0.09277485313191425,0.5200274662394141
0.170000,-0.031738765545128556,0.5786221103227284
0.172000,-0.03906309605554284,0.39795529106584265
0.174000,-0.08300907911802853,0.5175860227359427
0.176000,0.12695506218051422,0.5102616922255283
0.178000,0.056153200579842834,0.5224689097428855
0.180000,-0.04882887006942855,0.34180209048599985
0.182000,-0.12207217517357137,0.31738765545128556
0.184000,0.11963073167009995,0.5542076752880141
0.186000,-0.05859464408331426,0.33447775997558554
0.188000,0.04394598306248569,0.30518043793392846
0.190000,-0.08789196612497138,0.4370183871213855
0.192000,0.10254062714579995,0.5053788052185855
0.194000,0.041504539559014265,0.32227054245822845
0.196000,0.00976577401388571,0.36133363851377126
0.198000,0.08789196612497138,0.388189517051957
0.200000,0.00976577401388571,0.371099412527657
0.202000,0.05371175707637141,0.4614328221560998
0.204000,0.06836041809719998,0.3491264209964141
0.206000,0.031738765545128556,0.5908293278400855
0.208000,0.09033340962844282,0.5810635538261998
0.210000,-0.061036087586785685,0.40283817807278555
0.212000,-0.06591897459372854,0.6030365453574426
0.214000,0.01953154802777142,0.6030365453574426
0.216000,-0.08789196612497138,0.4907301441977569
0.218000,-0.09033340962844282,0.4345769436179141
0.220000,0.16113527122911422,0.319829098954757
0.222000,0.1513694972152285,0.3930724040588998
0.224000,-0.04882887006942855,0.537117570763714
0.226000,0.0073243305104142824,0.3662165255207141
0.228000,0.0708018616006714,0.4882887006942855
0.230000,0.01953154802777142,0.44678416113527125
0.232000,0.06347753109025711,0.4980544747081712
0.234000,0.1416037232013428,0.5542076752880141
0.236000,0.07324330510414283,0.5224689097428855
0.238000,0.05371175707637141,0.41992828259708553
0.240000,-0.05859464408331426,0.5297932402532998
0.242000,0.051270313572899975,0.5786221103227284
0.244000,-0.041504539559014265,0.3662165255207141
0.246000,0.06836041809719998,0.5175860227359427
0.248000,0.061036087586785685,0.4150453955901427
0.250000,0.03418020904859999,0.33447775997558554
0.252000,0.10986495765621423,0.4931715877012284
0.254000,0.07324330510414283,0.5175860227359427
0.256000,0.12939650568398567,0.354009308003357
0.258000,0.061036087586785685,0.571297779812314
0.260000,0.16113527122911422,0.4956130312046998
0.262000,0.10742351415274282,0.32471198596169987
0.264000,0.09033340962844282,0.6030365453574426
0.266000,-0.017090104524299994,0.48340581368734264
0.268000,-0.01953154802777142,0.3637750820172427
0.270000,-0.07812619211108568,0.5737392233157854
0.272000,0.14648661020828566,0.5346761272602426
0.274000,-0.06347753109025711,0.4101625085831998
0.276000,-0.08545052262149996,0.336919203479057
0.278000,0.08300907911802853,0.5590905622949569
0.280000,0.056153200579842834,0.44922560463874267
0.282000,0.014648661020828565,0.40283817807278555
0.284000,0.031738765545128556,0.46387426565957124
0.286000,-0.061036087586785685,0.4126039520866712
0.288000,0.11474784466315709,0.4101625085831998
0.290000,0.1416037232013428,0.6030365453574426
0.292000,0.15625238422217136,0.5322346837567712
0.294000,-0.017090104524299994,0.5981536583504997
0.296000,-0.06836041809719998,0.336919203479057
0.298000,0.12939650568398567,0.4736400396734569
0.300000,0.07812619211108568,0.6030365453574426
0.302000,-0.08300907911802853,0.5786221103227284
0.304000,0.09033340962844282,0.4150453955901427
0.306000,-0.07324330510414283,0.4687571526665141
0.308000,-0.036621652552071414,0.40527962157625697
0.310000,0.17090104524299993,0.48340581368734264
0.312000,0.09521629663538567,0.354009308003357
0.314000,0.04394598306248569,0.4321355001144427
0.316000,0.046387426565957124,0.5566491187914855
0.318000,0.04882887006942855,0.4345769436179141
0.320000,0.10498207064927138,0.4785229266803998
0.322000,0.08056763561455711,0.43945983062485694
0.324000,-0.10009918364232853,0.5322346837567712
0.326000,-0.0708018616006714,0.5078202487220569
0.328000,0.15869382772564278,0.4687571526665141
0.330000,0.12207217517357137,0.4711985961699855
0.332000,0.012207217517357137,0.5566491187914855
0.334000,0.06591897459372854,0.42969405661097126
0.336000,0.1855497062638285,0.5102616922255283
0.338000,-0.046387426565957124,0.4345769436179141
0.340000,-0.061036087586785685,0.5468833447775998
0.342000,0.1855497062638285,0.5078202487220569
0.344000,-0.09033340962844282,0.42236972610055695
0.346000,-0.08056763561455711,0.5151445792324711
0.348000,-0.05859464408331426,0.5786221103227284
0.350000,0.16113527122911422,0.502937361715114
0.352000,0.11963073167009995,0.5810635538261998
0.354000,-0.09277485313191425,0.3637750820172427
0.356000,0.11474784466315709,0.5102616922255283
0.358000,-0.031738765545128556,0.3442435339894713
0.360000,-0.046387426565957124,0.5127031357289997
0.362000,0.0073243305104142824,0.42236972610055695
0.364000,0.014648661020828565,0.5249103532463569
0.366000,0.1440451667048142,0.5688563363088426
0.368000,0.06347753109025711,0.5102616922255283
0.370000,0.1440451667048142,0.5981536583504997
0.372000,-0.051270313572899975,0.5175860227359427
0.374000,0.026855878538185704,0.40527962157625697
0.376000,-0.05371175707637141,0.5859464408331426
0.378000,-0.07324330510414283,0.4565499351491569
0.380000,0.07812619211108568,0.41992828259708553
0.382000,0.0708018616006714,0.39795529106584265
0.384000,0.0,0.3637750820172427
0.386000,0.14892805371175707,0.371099412527657
0.388000,-0.0073243305104142824,0.5664148928053712
0.390000,0.17578393224994276,0.5664148928053712
0.392000,0.1318379491874571,0.5151445792324711
0.394000,0.017090104524299994,0.588387884336614
0.396000,-0.021972991531242846,0.5908293278400855
0.398000,-0.021972991531242846,0.4077210650797284
0.400000,0.07324330510414283,0.6274509803921569
0.402000,-0.07324330510414283,0.3564507515068284
0.404000,0.06836041809719998,0.4614328221560998
0.406000,-0.061036087586785685,0.4101625085831998
0.408000,0.1782253757534142,0.40283817807278555
0.410000,-0.04394598306248569,0.371099412527657
0.412000,0.19043259327077133,0.35889219501029984
0.414000,-0.07324330510414283,0.35156786449988553
0.416000,0.012207217517357137,0.6079194323643854
0.418000,0.031738765545128556,0.46387426565957124
0.420000,0.1953154802777142,0.5859464408331426
0.422000,0.07324330510414283,0.588387884336614
0.424000,0.12207217517357137,0.4541084916456855
0.426000,-0.00976577401388571,0.336919203479057
0.428000,0.0708018616006714,0.622568093385214
0.430000,0.03418020904859999,0.4077210650797284
0.432000,0.09033340962844282,0.4126039520866712
0.434000,0.11963073167009995,0.6201266498817426
0.436000,0.046387426565957124,0.605477988860914
0.438000,-0.08300907911802853,0.6201266498817426
0.440000,0.09521629663538567,0.5737392233157854
0.442000,0.08789196612497138,0.38086518654154267
0.444000,-0.017090104524299994,0.4541084916456855
0.446000,-0.08300907911802853,0.46387426565957124
0.448000,-0.05859464408331426,0.537117570763714
0.450000,0.17334248874647135,0.35889219501029984
0.452000,0.16113527122911422,0.5395590142671854
0.454000,0.1245136186770428,0.5810635538261998
0.456000,0.07812619211108568,0.5468833447775998
0.458000,-0.03906309605554284,0.5468833447775998
0.460000,0.13672083619439995,0.5737392233157854
0.462000,-0.0708018616006714,0.6030365453574426
0.464000,0.11230640115968567,0.5542076752880141
0.466000,-0.05371175707637141,0.5078202487220569
0.468000,0.2050812542915999,0.35889219501029984
0.470000,0.0024414435034714275,0.38574807354848556
0.472000,0.21484702830548563,0.5297932402532998
0.474000,0.00976577401388571,0.6201266498817426
0.476000,0.031738765545128556,0.5517662317845426
0.478000,-0.012207217517357137,0.3906309605554284
0.480000,-0.004882887006942855,0.5004959182116426
0.482000,0.19287403677424278,0.37598229953459983
0.484000,0.19287403677424278,0.47608148317692833
0.486000,-0.05371175707637141,0.5786221103227284
0.488000,-0.024414435034714275,0.6372167544060425
0.490000,0.15625238422217136,0.605477988860914
0.492000,-0.012207217517357137,0.48340581368734264
0.494000,-0.07568474860761425,0.571297779812314
0.496000,-0.041504539559014265,0.4687571526665141
0.498000,0.017090104524299994,0.6445410849164569
0.500000,-0.06347753109025711,0.42236972610055695
0.502000,-0.017090104524299994,0.42236972610055695
0.504000,-0.02929732204165713,0.5346761272602426
0.506000,0.19043259327077133,0.6298924238956283
0.508000,-0.014648661020828565,0.5810635538261998
0.510000,0.11963073167009995,0.5444419012741283
0.512000,0.20019836728465706,0.48584725719081406
0.514000,0.20263981078812848,0.5493247882810712
0.516000,-0.026855878538185704,0.5395590142671854
0.518000,0.0976577401388571,0.47608148317692833
0.520000,0.20996414129854277,0.5127031357289997
0.522000,0.10254062714579995,0.5102616922255283
0.524000,0.004882887006942855,0.4687571526665141
0.526000,0.03418020904859999,0.36133363851377126
0.528000,0.1684596017395285,0.4101625085831998
0.530000,-0.04882887006942855,0.4687571526665141
0.532000,0.10742351415274282,0.3735408560311284
0.534000,-0.00976577401388571,0.39795529106584265
0.536000,0.1245136186770428,0.4882887006942855
0.538000,0.11230640115968567,0.5615320057984283
0.540000,0.06347753109025711,0.5590905622949569
0.542000,0.051270313572899975,0.6030365453574426
0.544000,0.10986495765621423,0.4126039520866712
0.546000,0.21728847180895705,0.6176852063782712
0.548000,0.04882887006942855,0.6494239719233997
0.550000,-0.012207217517357137,0.622568093385214
0.552000,0.10498207064927138,0.4882887006942855
0.554000,0.12207217517357137,0.5688563363088426
0.556000,-0.051270313572899975,0.44190127412832836
0.558000,0.012207217517357137,0.4785229266803998
0.560000,0.20263981078812848,0.5688563363088426
0.562000,0.15381094071869994,0.6250095368886854
0.564000,0.05371175707637141,0.47608148317692833
0.566000,0.2050812542915999,0.44922560463874267
0.568000,0.051270313572899975,0.5273517967498283
0.570000,0.041504539559014265,0.5786221103227284
0.572000,0.15869382772564278,0.5786221103227284
0.574000,0.15869382772564278,0.40039673456931413
0.576000,-0.0024414435034714275,0.43945983062485694
0.578000,0.1416037232013428,0.6323338673990997
0.580000,0.046387426565957124,0.5151445792324711
0.582000,-0.02929732204165713,0.6323338673990997
0.584000,-0.0024414435034714275,0.5151445792324711
0.586000,0.1342793926909285,0.4907301441977569
0.588000,0.1440451667048142,0.388189517051957
0.590000,-0.036621652552071414,0.38330663004501414
0.592000,-0.05371175707637141,0.46631570916304266
0.594000,0.031738765545128556,0.571297779812314
0.596000,-0.017090104524299994,0.4809643701838712
0.598000,-0.03906309605554284,0.5639734493018997
0.600000,0.15869382772564278,0.42236972610055695
0.602000,0.14892805371175707,0.5468833447775998
0.604000,0.13672083619439995,0.5249103532463569
0.606000,-0.02929732204165713,0.5273517967498283
0.608000,-0.04394598306248569,0.656748302433814
0.610000,0.08056763561455711,0.6543068589303426
0.612000,0.16113527122911422,0.5224689097428855
0.614000,0.14648661020828566,0.571297779812314
0.616000,0.05371175707637141,0.4809643701838712
0.618000,-0.041504539559014265,0.6079194323643854
0.620000,-0.004882887006942855,0.38330663004501414
0.622000,0.036621652552071414,0.6005951018539711
0.624000,0.0073243305104142824,0.4614328221560998
0.626000,0.09033340962844282,0.36865796902418557
0.628000,0.07568474860761425,0.5175860227359427
0.630000,0.12695506218051422,0.5932707713435569
0.632000,0.06591897459372854,0.4711985961699855
0.634000,0.19775692378118562,0.6494239719233997
0.636000,0.1318379491874571,0.6665140764476997
0.638000,-0.03906309605554284,0.537117570763714
0.640000,0.2050812542915999,0.48340581368734264
0.642000,0.03906309605554284,0.4541084916456855
0.644000,-0.04394598306248569,0.5517662317845426
0.646000,0.06347753109025711,0.37598229953459983
0.648000,-0.04394598306248569,0.5053788052185855
0.650000,0.2050812542915999,0.6518654154268712
0.652000,0.06836041809719998,0.588387884336614
0.654000,0.1318379491874571,0.6128023193713283
0.656000,0.21240558480201419,0.5444419012741283
0.658000,0.12695506218051422,0.39551384756237123
0.660000,0.18799114976729991,0.5102616922255283
0.662000,0.12695506218051422,0.5493247882810712
0.664000,0.11963073167009995,0.6176852063782712
0.666000,0.1513694972152285,0.47608148317692833
0.668000,-0.046387426565957124,0.4516670481422141
0.670000,0.05371175707637141,0.44190127412832836
0.672000,0.18310826276035705,0.48584725719081406
0.674000,0.21240558480201419,0.4077210650797284
0.676000,0.1684596017395285,0.5615320057984283
0.678000,0.21972991531242847,0.42969405661097126
0.680000,0.11230640115968567,0.6445410849164569
0.682000,0.1855497062638285,0.6640726329442282
0.684000,0.012207217517357137,0.6445410849164569
0.686000,0.19287403677424278,0.6616311894407568
0.688000,0.20752269779507135,0.6420996414129855
0.690000,0.1416037232013428,0.4321355001144427
0.692000,0.13916227969787137,0.4565499351491569
0.694000,0.02929732204165713,0.5957122148470283
0.696000,0.19043259327077133,0.4272526131074998
0.698000,0.1684596017395285,0.5224689097428855
0.700000,-0.01953154802777142,0.6201266498817426
0.702000,0.21240558480201419,0.4150453955901427
0.704000,0.04882887006942855,0.5493247882810712
0.706000,0.0976577401388571,0.6079194323643854
0.708000,0.014648661020828565,0.5957122148470283
0.710000,0.25635156786449986,0.38330663004501414
0.712000,0.1513694972152285,0.5859464408331426
0.714000,0.00976577401388571,0.40039673456931413
0.716000,0.041504539559014265,0.5835049973296712
0.718000,0.20996414129854277,0.5468833447775998
0.720000,0.0708018616006714,0.6152437628747998
0.722000,0.02929732204165713,0.571297779812314
0.724000,0.02929732204165713,0.44190127412832836
0.726000,0.251468680857557,0.46631570916304266
0.728000,-0.03418020904859999,0.6128023193713283
0.730000,0.004882887006942855,0.39551384756237123
0.732000,-0.036621652552071414,0.48584725719081406
0.734000,0.15381094071869994,0.48584725719081406
0.736000,0.08545052262149996,0.5078202487220569
0.738000,-0.012207217517357137,0.5468833447775998
0.740000,0.17090104524299993,0.48584725719081406
0.742000,0.15869382772564278,0.6469825284199283
0.744000,0.12207217517357137,0.5542076752880141
0.746000,-0.021972991531242846,0.5249103532463569
0.748000,0.041504539559014265,0.5127031357289997
0.750000,0.2221713588158999,0.5297932402532998
0.752000,-0.00976577401388571,0.5542076752880141
0.754000,0.17578393224994276,0.6201266498817426
0.756000,0.2221713588158999,0.6420996414129855
0.758000,0.051270313572899975,0.6445410849164569
0.760000,0.15869382772564278,0.6103608758678569
0.762000,0.21240558480201419,0.6152437628747998
0.764000,0.22705424582284275,0.6591897459372854
0.766000,0.2392614633401999,0.5444419012741283
0.768000,0.0976577401388571,0.41992828259708553
0.770000,0.07324330510414283,0.6347753109025711
0.772000,0.09521629663538567,0.43945983062485694
0.774000,-0.03418020904859999,0.5859464408331426
0.776000,0.19775692378118562,0.4077210650797284
0.778000,-0.004882887006942855,0.5053788052185855
0.780000,0.17334248874647135,0.6323338673990997
0.782000,0.014648661020828565,0.4321355001144427
0.784000,-0.017090104524299994,0.4931715877012284
0.786000,-0.026855878538185704,0.6836041809719997
0.788000,0.16357671473258564,0.4077210650797284
0.790000,0.24414435034714274,0.5810635538261998
0.792000,0.10009918364232853,0.39795529106584265
0.794000,0.041504539559014265,0.5102616922255283
0.796000,0.16601815823605706,0.6274509803921569
0.798000,-0.021972991531242846,0.639658197909514
0.800000,0.012207217517357137,0.5835049973296712
0.802000,0.13672083619439995,0.6884870679789425
0.804000,0.10986495765621423,0.4565499351491569
0.806000,0.061036087586785685,0.6274509803921569
0.808000,0.07568474860761425,0.537117570763714
0.810000,0.15381094071869994,0.42481116960402837
0.812000,0.268558785381857,0.6201266498817426
0.814000,0.017090104524299994,0.5322346837567712
0.816000,0.1855497062638285,0.6933699549858854
0.818000,0.2050812542915999,0.588387884336614
0.820000,0.16113527122911422,0.6787212939650569
0.822000,0.18066681925688563,0.48340581368734264
0.824000,0.1440451667048142,0.48340581368734264
0.826000,0.13916227969787137,0.6103608758678569
0.828000,0.04882887006942855,0.5615320057984283
0.830000,0.12207217517357137,0.6836041809719997
0.832000,0.17578393224994276,0.6274509803921569
0.834000,0.16357671473258564,0.5322346837567712
0.836000,0.21484702830548563,0.622568093385214
0.838000,0.2734416723887999,0.45899137865262835
0.840000,0.16601815823605706,0.6713969634546425
0.842000,0.15381094071869994,0.673838406958114
0.844000,0.12939650568398567,0.5468833447775998
0.846000,0.11230640115968567,0.6665140764476997
0.848000,0.25879301136797134,0.4541084916456855
0.850000,0.05371175707637141,0.4614328221560998
0.852000,0.19775692378118562,0.6836041809719997
0.854000,0.16601815823605706,0.4126039520866712
0.856000,0.17090104524299993,0.4101625085831998
0.858000,0.14648661020828566,0.5639734493018997
0.860000,0.11474784466315709,0.41992828259708553
0.862000,0.27832455939574274,0.43945983062485694
0.864000,0.16113527122911422,0.4174868390936141
0.866000,0.031738765545128556,0.6005951018539711
0.868000,0.08056763561455711,0.4980544747081712
0.870000,0.1782253757534142,0.5273517967498283
0.872000,0.10986495765621423,0.4687571526665141
0.874000,0.1855497062638285,0.4541084916456855
0.876000,0.1318379491874571,0.5566491187914855
0.878000,0.2221713588158999,0.5346761272602426
0.880000,-0.014648661020828565,0.5053788052185855
0.882000,0.09521629663538567,0.4443427176317998
0.884000,0.23193713282978562,0.6250095368886854
0.886000,0.251468680857557,0.5981536583504997
0.888000,0.1782253757534142,0.5590905622949569
0.890000,0.2050812542915999,0.6274509803921569
0.892000,0.27100022888532843,0.5468833447775998
0.894000,0.09277485313191425,0.43945983062485694
0.896000,0.25635156786449986,0.6543068589303426
0.898000,0.12207217517357137,0.43945983062485694
0.900000,0.2465857938506142,0.6347753109025711
0.902000,-0.0024414435034714275,0.5322346837567712
0.904000,0.2661173418783856,0.42969405661097126
0.906000,0.036621652552071414,0.4711985961699855
0.908000,0.021972991531242846,0.5859464408331426
0.910000,0.021972991531242846,0.5957122148470283
0.912000,0.16113527122911422,0.6176852063782712
0.914000,0.20752269779507135,0.6836041809719997
0.916000,0.18799114976729991,0.5004959182116426
0.918000,0.23193713282978562,0.5249103532463569
0.920000,0.2880903334096284,0.6420996414129855
0.922000,0.051270313572899975,0.4614328221560998
0.924000,0.10498207064927138,0.46631570916304266
0.926000,0.16357671473258564,0.4711985961699855
0.928000,0.27832455939574274,0.4687571526665141
0.930000,0.10498207064927138,0.502937361715114
0.932000,0.026855878538185704,0.4711985961699855
0.934000,0.004882887006942855,0.6445410849164569
0.936000,0.21972991531242847,0.6762798504615855
0.938000,-0.0073243305104142824,0.5468833447775998
0.940000,0.11963073167009995,0.6543068589303426
0.942000,0.1318379491874571,0.5615320057984283
0.944000,0.21728847180895705,0.48584725719081406
0.946000,0.16113527122911422,0.44190127412832836
0.948000,0.268558785381857,0.6836041809719997
0.950000,0.251468680857557,0.4321355001144427
0.952000,0.1416037232013428,0.605477988860914
0.954000,0.21728847180895705,0.6420996414129855
0.956000,0.0708018616006714,0.6884870679789425
0.958000,0.23193713282978562,0.47608148317692833
0.960000,0.16113527122911422,0.4321355001144427
0.962000,0.1513694972152285,0.6543068589303426
0.964000,0.20752269779507135,0.42481116960402837
0.966000,0.21484702830548563,0.5835049973296712
0.968000,0.27100022888532843,0.6811627374685283
0.970000,0.23437857633325704,0.5102616922255283
0.972000,0.11474784466315709,0.5639734493018997
0.974000,0.012207217517357137,0.6152437628747998
0.976000,-0.0024414435034714275,0.6494239719233997
0.978000,0.22461280231937134,0.48584725719081406
0.980000,0.04394598306248569,0.4370183871213855
0.982000,0.20019836728465706,0.42969405661097126
0.984000,0.10254062714579995,0.6298924238956283
0.986000,0.2392614633401999,0.5517662317845426
0.988000,0.2929732204165713,0.6103608758678569
0.990000,0.08789196612497138,0.5639734493018997
0.992000,0.26123445487144276,0.4443427176317998
0.994000,0.02929732204165713,0.46387426565957124
0.996000,0.04394598306248569,0.6982528419928282
0.998000,0.09277485313191425,0.5346761272602426
1.000000,0.24414435034714274,0.4370183871213855
1.002000,0.2465857938506142,0.4956130312046998
1.004000,0.27100022888532843,0.5004959182116426
1.006000,0.08300907911802853,0.48584725719081406
1.008000,0.0708018616006714,0.6787212939650569
1.010000,0.2661173418783856,0.690928511482414
1.012000,0.25635156786449986,0.6079194323643854
1.014000,0.014648661020828565,0.47608148317692833
1.016000,0.05859464408331426,0.5322346837567712
1.018000,0.13916227969787137,0.4809643701838712
1.020000,0.2734416723887999,0.6128023193713283
1.022000,0.1684596017395285,0.7006942854962996
1.024000,0.16113527122911422,0.6445410849164569
1.026000,0.30518043793392846,0.7177843900205997
1.028000,0.2661173418783856,0.6787212939650569
1.030000,0.04882887006942855,0.5395590142671854
1.032000,0.09033340962844282,0.4785229266803998
1.034000,0.29785610742351415,0.6494239719233997
1.036000,0.2221713588158999,0.4370183871213855
1.038000,0.20019836728465706,0.6713969634546425
1.040000,0.22705424582284275,0.673838406958114
1.042000,0.04394598306248569,0.6445410849164569
1.044000,0.11963073167009995,0.6250095368886854
1.046000,0.2832074464026856,0.6958113984893568
1.048000,0.017090104524299994,0.6616311894407568
1.050000,0.1440451667048142,0.4321355001144427
1.052000,0.07812619211108568,0.5566491187914855
1.054000,0.056153200579842834,0.7055771725032426
1.056000,0.16113527122911422,0.502937361715114
1.058000,0.23682001983672846,0.7031357289997711
1.060000,0.07324330510414283,0.44190127412832836
1.062000,0.24170290684367132,0.5004959182116426
1.064000,0.1782253757534142,0.673838406958114
1.066000,0.2661173418783856,0.5322346837567712
1.068000,0.17334248874647135,0.7299916075379568
1.070000,0.2734416723887999,0.6274509803921569
1.072000,0.08056763561455711,0.6762798504615855
1.074000,0.1245136186770428,0.5444419012741283
1.076000,0.021972991531242846,0.6030365453574426
1.078000,0.1318379491874571,0.4711985961699855
1.080000,0.10986495765621423,0.7055771725032426
1.082000,0.07324330510414283,0.7177843900205997
1.084000,0.051270313572899975,0.690928511482414
1.086000,0.2832074464026856,0.5688563363088426
1.088000,0.08056763561455711,0.6274509803921569
1.090000,0.18310826276035705,0.622568093385214
1.092000,0.1416037232013428,0.44190127412832836
1.094000,0.2734416723887999,0.4785229266803998
1.096000,0.09521629663538567,0.5249103532463569
1.098000,0.21972991531242847,0.605477988860914
1.100000,0.302738994430457,0.6201266498817426
1.102000,0.25391012436102844,0.5639734493018997
1.104000,0.26123445487144276,0.6591897459372854
1.106000,0.05859464408331426,0.5932707713435569
1.108000,0.024414435034714275,0.44190127412832836
1.110000,0.24170290684367132,0.5395590142671854
1.112000,0.2880903334096284,0.5786221103227284
1.114000,0.2490272373540856,0.4541084916456855
1.116000,0.20752269779507135,0.44678416113527125
1.118000,0.22461280231937134,0.7324330510414282
1.120000,0.1684596017395285,0.6518654154268712
1.122000,0.10009918364232853,0.6884870679789425
1.124000,0.21484702830548563,0.6201266498817426
1.126000,0.10009918364232853,0.6958113984893568
1.128000,0.15869382772564278,0.6665140764476997
1.130000,0.12695506218051422,0.44678416113527125
1.132000,0.16357671473258564,0.6298924238956283
1.134000,0.1416037232013428,0.5590905622949569
1.136000,0.02929732204165713,0.5297932402532998
1.138000,0.20019836728465706,0.708018616006714
1.140000,0.1513694972152285,0.7226672770275425
1.142000,0.13672083619439995,0.6030365453574426
1.144000,0.026855878538185704,0.7373159380483711
1.146000,0.2832074464026856,0.5761806668192568
1.148000,0.23437857633325704,0.5444419012741283
1.150000,0.2050812542915999,0.5957122148470283
1.152000,0.19287403677424278,0.4565499351491569
1.154000,0.13916227969787137,0.5151445792324711
1.156000,0.30518043793392846,0.7031357289997711
1.158000,0.31494621194781414,0.6298924238956283
1.160000,0.20019836728465706,0.4687571526665141
1.162000,0.14892805371175707,0.5395590142671854
1.164000,0.17578393224994276,0.4711985961699855
1.166000,0.2880903334096284,0.5395590142671854
1.168000,0.26123445487144276,0.7275501640344854
1.170000,0.20263981078812848,0.5127031357289997
1.172000,0.10986495765621423,0.6176852063782712
1.174000,0.2905317769130999,0.5249103532463569
1.176000,0.11718928816662852,0.6665140764476997
1.178000,0.2880903334096284,0.5200274662394141
1.180000,0.08545052262149996,0.5835049973296712
1.182000,0.29541466392004273,0.622568093385214
1.184000,0.036621652552071414,0.7495231555657282
1.186000,0.046387426565957124,0.6372167544060425
1.188000,0.10742351415274282,0.502937361715114
1.190000,0.06591897459372854,0.5200274662394141
1.192000,0.1782253757534142,0.7397573815518426
1.194000,0.046387426565957124,0.47608148317692833
1.196000,0.1318379491874571,0.537117570763714
1.198000,0.1855497062638285,0.6005951018539711
1.200000,0.15625238422217136,0.7299916075379568
1.202000,0.21240558480201419,0.5420004577706569
1.204000,0.17578393224994276,0.5737392233157854
1.206000,0.31738765545128556,0.6176852063782712
1.208000,0.2832074464026856,0.6933699549858854
1.210000,0.2734416723887999,0.6323338673990997
1.212000,0.29541466392004273,0.5493247882810712
1.214000,0.31494621194781414,0.5346761272602426
1.216000,0.31738765545128556,0.6713969634546425
1.218000,0.07324330510414283,0.6884870679789425
1.220000,0.17578393224994276,0.5078202487220569
1.222000,0.04394598306248569,0.4687571526665141
1.224000,0.17090104524299993,0.7153429465171283
1.226000,0.07568474860761425,0.4614328221560998
1.228000,0.10009918364232853,0.7031357289997711
1.230000,0.2758831158922713,0.690928511482414
1.232000,0.23437857633325704,0.5468833447775998
1.234000,0.27100022888532843,0.7348744945448997
1.236000,0.2905317769130999,0.5322346837567712
1.238000,0.18799114976729991,0.46631570916304266
1.240000,0.061036087586785685,0.4687571526665141
1.242000,0.1440451667048142,0.673838406958114
1.244000,0.16113527122911422,0.5127031357289997
1.246000,0.12695506218051422,0.5151445792324711
1.248000,0.26123445487144276,0.5004959182116426
1.250000,0.056153200579842834,0.6176852063782712
1.252000,0.14648661020828566,0.7031357289997711
1.254000,0.08789196612497138,0.7299916075379568
1.256000,0.08056763561455711,0.4711985961699855
1.258000,0.09521629663538567,0.708018616006714
1.260000,0.11474784466315709,0.6323338673990997
1.262000,0.1440451667048142,0.6250095368886854
1.264000,0.24170290684367132,0.7226672770275425
1.266000,0.32227054245822845,0.7470817120622568
1.268000,0.07324330510414283,0.5102616922255283
1.270000,0.20996414129854277,0.7031357289997711
1.272000,0.3100633249408713,0.48584725719081406
1.274000,0.30518043793392846,0.7104600595101854
1.276000,0.15869382772564278,0.6298924238956283
1.278000,0.24414435034714274,0.6005951018539711
1.280000,0.12695506218051422,0.7495231555657282
1.282000,0.33936064698252844,0.6836041809719997
1.284000,0.2221713588158999,0.5468833447775998
1.286000,0.08300907911802853,0.5249103532463569
1.288000,0.22461280231937134,0.6128023193713283
1.290000,0.1513694972152285,0.5346761272602426
1.292000,0.18799114976729991,0.673838406958114
1.294000,0.3295948729686427,0.6689555199511711
1.296000,0.34180209048599985,0.5395590142671854
1.298000,0.20019836728465706,0.5395590142671854
1.300000,0.31494621194781414,0.6128023193713283
1.302000,0.1440451667048142,0.6298924238956283
1.304000,0.21972991531242847,0.5688563363088426
1.306000,0.1513694972152285,0.5200274662394141
1.308000,0.1342793926909285,0.5346761272602426
1.310000,0.32471198596169987,0.690928511482414
1.312000,0.2905317769130999,0.6640726329442282
1.314000,0.25391012436102844,0.5517662317845426
1.316000,0.27832455939574274,0.4907301441977569
1.318000,0.2661173418783856,0.7275501640344854
1.320000,0.1513694972152285,0.48340581368734264
1.322000,0.1953154802777142,0.4785229266803998
1.324000,0.302738994430457,0.656748302433814
1.326000,0.21240558480201419,0.6543068589303426
1.328000,0.2221713588158999,0.7055771725032426
1.330000,0.24414435034714274,0.6811627374685283
1.332000,0.27832455939574274,0.7324330510414282
1.334000,0.10009918364232853,0.6005951018539711
1.336000,0.2880903334096284,0.4809643701838712
1.338000,0.18310826276035705,0.48584725719081406
1.340000,0.2050812542915999,0.5542076752880141
1.342000,0.07324330510414283,0.5468833447775998
1.344000,0.3491264209964141,0.6274509803921569
1.346000,0.2392614633401999,0.4956130312046998
1.348000,0.16357671473258564,0.7617303730830853
1.350000,0.3125047684443427,0.5761806668192568
1.352000,0.12695506218051422,0.5639734493018997
1.354000,0.0708018616006714,0.7739375906004425
1.356000,0.10742351415274282,0.4980544747081712
1.358000,0.12207217517357137,0.5664148928053712
1.360000,0.2929732204165713,0.6713969634546425
1.362000,0.08056763561455711,0.5566491187914855
1.364000,0.0976577401388571,0.5420004577706569
1.366000,0.22461280231937134,0.5322346837567712
1.368000,0.2465857938506142,0.5102616922255283
1.370000,0.19287403677424278,0.7055771725032426
1.372000,0.15869382772564278,0.4956130312046998
1.374000,0.1416037232013428,0.6884870679789425
1.376000,0.319829098954757,0.6494239719233997
1.378000,0.319829098954757,0.5053788052185855
1.380000,0.29785610742351415,0.7788204776073854
1.382000,0.2490272373540856,0.6665140764476997
1.384000,0.23682001983672846,0.6591897459372854
1.386000,0.11718928816662852,0.7739375906004425
1.388000,0.12939650568398567,0.4931715877012284
1.390000,0.1318379491874571,0.5590905622949569
1.392000,0.18310826276035705,0.7202258335240711
1.394000,0.1416037232013428,0.7519645990691997
1.396000,0.17578393224994276,0.7006942854962996
1.398000,0.1245136186770428,0.4980544747081712
1.400000,0.24414435034714274,0.588387884336614
1.402000,0.17090104524299993,0.6836041809719997
1.404000,0.3564507515068284,0.5517662317845426
1.406000,0.3320363164721141,0.588387884336614
1.408000,0.3491264209964141,0.6836041809719997
1.410000,0.1245136186770428,0.5688563363088426
1.412000,0.17090104524299993,0.6445410849164569
1.414000,0.1513694972152285,0.5517662317845426
1.416000,0.09521629663538567,0.5175860227359427
1.418000,0.27832455939574274,0.7397573815518426
1.420000,0.2661173418783856,0.7324330510414282
1.422000,0.06591897459372854,0.6347753109025711
1.424000,0.2465857938506142,0.7666132600900283
1.426000,0.15381094071869994,0.6689555199511711
1.428000,0.2905317769130999,0.7495231555657282
1.430000,0.33936064698252844,0.7373159380483711
1.432000,0.2490272373540856,0.5786221103227284
1.434000,0.302738994430457,0.5322346837567712
1.436000,0.22949568932631417,0.6958113984893568
1.438000,0.1855497062638285,0.7861448081177996
1.440000,0.0976577401388571,0.6128023193713283
1.442000,0.07568474860761425,0.6958113984893568
1.444000,0.14648661020828566,0.5395590142671854
1.446000,0.13672083619439995,0.5468833447775998
1.448000,0.3271534294651713,0.7202258335240711
1.450000,0.08300907911802853,0.6347753109025711
1.452000,0.08789196612497138,0.7788204776073854
1.454000,0.09521629663538567,0.6616311894407568
1.456000,0.35889219501029984,0.6640726329442282
1.458000,0.33447775997558554,0.6152437628747998
1.460000,0.19287403677424278,0.6152437628747998
1.462000,0.268558785381857,0.7397573815518426
1.464000,0.354009308003357,0.5786221103227284
1.466000,0.07324330510414283,0.6787212939650569
1.468000,0.08789196612497138,0.690928511482414
1.470000,0.20019836728465706,0.7788204776073854
1.472000,0.25391012436102844,0.5542076752880141
1.474000,0.19775692378118562,0.5957122148470283
1.476000,0.26123445487144276,0.7373159380483711
1.478000,0.07568474860761425,0.5273517967498283
1.480000,0.19287403677424278,0.5786221103227284
1.482000,0.1684596017395285,0.742198825055314
1.484000,0.3295948729686427,0.588387884336614
1.486000,0.1342793926909285,0.6665140764476997
1.488000,0.21484702830548563,0.7959105821316853
1.490000,0.2050812542915999,0.6079194323643854
1.492000,0.20263981078812848,0.6128023193713283
1.494000,0.251468680857557,0.7617303730830853
1.496000,0.1782253757534142,0.6152437628747998
1.498000,0.36133363851377126,0.6518654154268712
1.500000,0.20263981078812848,0.6811627374685283
1.502000,0.3100633249408713,0.5249103532463569
1.504000,0.12207217517357137,0.5615320057984283
1.506000,0.10498207064927138,0.5932707713435569
1.508000,0.21972991531242847,0.6884870679789425
1.510000,0.1782253757534142,0.5224689097428855
1.512000,0.2636758983749142,0.5420004577706569
1.514000,0.16357671473258564,0.7470817120622568
1.516000,0.21240558480201419,0.7983520256351568
1.518000,0.14648661020828566,0.5322346837567712
1.520000,0.23682001983672846,0.5810635538261998
1.522000,0.08300907911802853,0.673838406958114
1.524000,0.3125047684443427,0.5346761272602426
1.526000,0.371099412527657,0.6128023193713283
1.528000,0.35156786449988553,0.6591897459372854
1.530000,0.14892805371175707,0.5932707713435569
1.532000,0.22461280231937134,0.5957122148470283
1.534000,0.20752269779507135,0.7324330510414282
1.536000,0.33447775997558554,0.6201266498817426
1.538000,0.20996414129854277,0.7202258335240711
1.540000,0.302738994430457,0.5322346837567712
1.542000,0.10742351415274282,0.7299916075379568
1.544000,0.336919203479057,0.6958113984893568
1.546000,0.19287403677424278,0.6469825284199283
1.548000,0.11230640115968567,0.6298924238956283
1.550000,0.1416037232013428,0.6079194323643854
1.552000,0.35889219501029984,0.5737392233157854
1.554000,0.1782253757534142,0.5517662317845426
1.556000,0.18799114976729991,0.5615320057984283
1.558000,0.1684596017395285,0.5688563363088426
1.560000,0.13916227969787137,0.6079194323643854
1.562000,0.10742351415274282,0.6591897459372854
1.564000,0.37598229953459983,0.7495231555657282
1.566000,0.2221713588158999,0.7812619211108568
1.568000,0.1416037232013428,0.6543068589303426
1.570000,0.22949568932631417,0.7177843900205997
1.572000,0.16357671473258564,0.7910276951247425
1.574000,0.17090104524299993,0.5981536583504997
1.576000,0.33447775997558554,0.7544060425726711
1.578000,0.27832455939574274,0.7495231555657282
1.580000,0.09033340962844282,0.588387884336614
1.582000,0.17578393224994276,0.7959105821316853
1.584000,0.3466849774929427,0.6665140764476997
1.586000,0.302738994430457,0.588387884336614
1.588000,0.3662165255207141,0.6591897459372854
1.590000,0.11963073167009995,0.7592889295796139
1.592000,0.11474784466315709,0.5981536583504997
1.594000,0.20752269779507135,0.7055771725032426
1.596000,0.2465857938506142,0.6420996414129855
1.598000,0.1342793926909285,0.8056763561455711
1.600000,0.11474784466315709,0.5151445792324711
1.602000,0.3662165255207141,0.6372167544060425
1.604000,0.319829098954757,0.571297779812314
1.606000,0.1245136186770428,0.6420996414129855
1.608000,0.29785610742351415,0.673838406958114
1.610000,0.34180209048599985,0.7666132600900283
1.612000,0.17578393224994276,0.6640726329442282
1.614000,0.3564507515068284,0.5590905622949569
1.616000,0.38574807354848556,0.6762798504615855
1.618000,0.16113527122911422,0.537117570763714
1.620000,0.15625238422217136,0.5761806668192568
1.622000,0.15381094071869994,0.5761806668192568
1.624000,0.38330663004501414,0.6958113984893568
1.626000,0.31738765545128556,0.605477988860914
1.628000,0.30029755092698557,0.7544060425726711
1.630000,0.3735408560311284,0.7959105821316853
1.632000,0.35156786449988553,0.5957122148470283
1.634000,0.12939650568398567,0.537117570763714
1.636000,0.36865796902418557,0.5639734493018997
1.638000,0.3662165255207141,0.6274509803921569
1.640000,0.38574807354848556,0.6347753109025711
1.642000,0.19775692378118562,0.7251087205310139
1.644000,0.3662165255207141,0.6347753109025711
1.646000,0.22949568932631417,0.7226672770275425
1.648000,0.18066681925688563,0.6665140764476997
1.650000,0.25879301136797134,0.7617303730830853
1.652000,0.33936064698252844,0.7446402685587854
1.654000,0.2465857938506142,0.7690547035934997
1.656000,0.268558785381857,0.605477988860914
1.658000,0.2050812542915999,0.5395590142671854
1.660000,0.37598229953459983,0.7519645990691997
1.662000,0.21240558480201419,0.6079194323643854
1.664000,0.16601815823605706,0.6201266498817426
1.666000,0.11718928816662852,0.788586251621271
1.668000,0.1782253757534142,0.6445410849164569
1.670000,0.14648661020828566,0.7861448081177996
1.672000,0.285648889906157,0.7592889295796139
1.674000,0.16357671473258564,0.6591897459372854
1.676000,0.3320363164721141,0.6543068589303426
1.678000,0.29541466392004273,0.7666132600900283
1.680000,0.15625238422217136,0.622568093385214
1.682000,0.3930724040588998,0.7373159380483711
1.684000,0.16357671473258564,0.7837033646143282
1.686000,0.11963073167009995,0.7495231555657282
1.688000,0.11718928816662852,0.5664148928053712
1.690000,0.1318379491874571,0.6933699549858854
1.692000,0.2758831158922713,0.6860456244754711
1.694000,0.17334248874647135,0.5517662317845426
1.696000,0.19775692378118562,0.5468833447775998
1.698000,0.22949568932631417,0.5688563363088426
1.700000,0.18310826276035705,0.7739375906004425
1.702000,0.26123445487144276,0.6103608758678569
1.704000,0.40527962157625697,0.8032349126420997
1.706000,0.1440451667048142,0.6152437628747998
1.708000,0.319829098954757,0.6713969634546425
1.710000,0.19775692378118562,0.6323338673990997
1.712000,0.2661173418783856,0.7739375906004425
1.714000,0.2636758983749142,0.5517662317845426
1.716000,0.35889219501029984,0.6982528419928282
1.718000,0.1416037232013428,0.6836041809719997
1.720000,0.39551384756237123,0.7495231555657282
1.722000,0.25391012436102844,0.6665140764476997
1.724000,0.38574807354848556,0.6958113984893568
1.726000,0.2221713588158999,0.7983520256351568
1.728000,0.3100633249408713,0.5688563363088426
1.730000,0.2636758983749142,0.5664148928053712
1.732000,0.1953154802777142,0.6982528419928282
1.734000,0.3491264209964141,0.6445410849164569
1.736000,0.371099412527657,0.7568474860761425
1.738000,0.251468680857557,0.6420996414129855
1.740000,0.2465857938506142,0.7104600595101854
1.742000,0.22705424582284275,0.7251087205310139
1.744000,0.28076600289921416,0.6787212939650569
1.746000,0.3662165255207141,0.5908293278400855
1.748000,0.11718928816662852,0.5688563363088426
1.750000,0.12695506218051422,0.6030365453574426
1.752000,0.19287403677424278,0.6591897459372854
1.754000,0.3271534294651713,0.6689555199511711
1.756000,0.15625238422217136,0.7006942854962996
1.758000,0.3735408560311284,0.7788204776073854
1.760000,0.18310826276035705,0.8154421301594568
1.762000,0.20996414129854277,0.5810635538261998
1.764000,0.30029755092698557,0.5420004577706569
1.766000,0.40527962157625697,0.7006942854962996
1.768000,0.23437857633325704,0.5420004577706569
1.770000,0.19043259327077133,0.8056763561455711
1.772000,0.29541466392004273,0.5859464408331426
1.774000,0.1245136186770428,0.7006942854962996
1.776000,0.3930724040588998,0.7348744945448997
1.778000,0.18799114976729991,0.6616311894407568
1.780000,0.4101625085831998,0.5688563363088426
1.782000,0.2392614633401999,0.6933699549858854
1.784000,0.21972991531242847,0.639658197909514
1.786000,0.3076218814373999,0.6176852063782712
1.788000,0.20752269779507135,0.7006942854962996
1.790000,0.3906309605554284,0.6860456244754711
1.792000,0.21972991531242847,0.7446402685587854
1.794000,0.25879301136797134,0.7177843900205997
1.796000,0.2465857938506142,0.8203250171663996
1.798000,0.15869382772564278,0.742198825055314
1.800000,0.1684596017395285,0.6176852063782712
1.802000,0.15625238422217136,0.5737392233157854
1.804000,0.3295948729686427,0.7910276951247425
1.806000,0.27100022888532843,0.6811627374685283
1.808000,0.319829098954757,0.6713969634546425
1.810000,0.31738765545128556,0.5737392233157854
1.812000,0.3735408560311284,0.656748302433814
1.814000,0.388189517051957,0.7006942854962996
1.816000,0.4126039520866712,0.6640726329442282
1.818000,0.3442435339894713,0.7348744945448997
1.820000,0.23682001983672846,0.7910276951247425
1.822000,0.38086518654154267,0.5664148928053712
1.824000,0.3491264209964141,0.656748302433814
1.826000,0.19775692378118562,0.7934691386282139
1.828000,0.36133363851377126,0.6298924238956283
1.830000,0.29541466392004273,0.6005951018539711
1.832000,0.16601815823605706,0.776379034103914
1.834000,0.251468680857557,0.6323338673990997
1.836000,0.18066681925688563,0.7129015030136568
1.838000,0.20019836728465706,0.6445410849164569
1.840000,0.1953154802777142,0.7470817120622568
1.842000,0.33936064698252844,0.7519645990691997
1.844000,0.32227054245822845,0.5664148928053712
1.846000,0.22949568932631417,0.8349736781872282
1.848000,0.22705424582284275,0.6420996414129855
1.850000,0.1782253757534142,0.6616311894407568
1.852000,0.21240558480201419,0.8398565651941711
1.854000,0.20263981078812848,0.6298924238956283
1.856000,0.319829098954757,0.7788204776073854
1.858000,0.30518043793392846,0.6347753109025711
1.860000,0.3466849774929427,0.6543068589303426
1.862000,0.3466849774929427,0.5590905622949569
1.864000,0.34180209048599985,0.742198825055314
1.866000,0.17090104524299993,0.7690547035934997
1.868000,0.2465857938506142,0.7104600595101854
1.870000,0.3930724040588998,0.7324330510414282
1.872000,0.2832074464026856,0.5639734493018997
1.874000,0.33447775997558554,0.7202258335240711
1.876000,0.2392614633401999,0.7275501640344854
1.878000,0.3637750820172427,0.5615320057984283
1.880000,0.1342793926909285,0.7202258335240711
1.882000,0.35889219501029984,0.639658197909514
1.884000,0.3735408560311284,0.8056763561455711
1.886000,0.354009308003357,0.6445410849164569
1.888000,0.29785610742351415,0.6787212939650569
1.890000,0.16601815823605706,0.673838406958114
1.892000,0.16601815823605706,0.7568474860761425
1.894000,0.1855497062638285,0.7641718165865568
1.896000,0.33936064698252844,0.7788204776073854
1.898000,0.40283817807278555,0.7861448081177996
1.900000,0.3076218814373999,0.6372167544060425
1.902000,0.17090104524299993,0.639658197909514
1.904000,0.35889219501029984,0.8520637827115282
1.906000,0.285648889906157,0.6250095368886854
1.908000,0.37842374303807125,0.7446402685587854
1.910000,0.24414435034714274,0.7055771725032426
1.912000,0.43945983062485694,0.6713969634546425
1.914000,0.42481116960402837,0.6274509803921569
1.916000,0.3295948729686427,0.7348744945448997
1.918000,0.1855497062638285,0.8398565651941711
1.920000,0.27832455939574274,0.7544060425726711
1.922000,0.15625238422217136,0.7592889295796139
1.924000,0.3637750820172427,0.5932707713435569
1.926000,0.336919203479057,0.622568093385214
1.928000,0.21240558480201419,0.7812619211108568
1.930000,0.44190127412832836,0.788586251621271
1.932000,0.4101625085831998,0.7275501640344854
1.934000,0.4101625085831998,0.8252079041733424
1.936000,0.3271534294651713,0.7788204776073854
1.938000,0.3637750820172427,0.6103608758678569
1.940000,0.371099412527657,0.6103608758678569
1.942000,0.2661173418783856,0.7495231555657282
1.944000,0.35889219501029984,0.8130006866559853
1.946000,0.4101625085831998,0.5835049973296712
1.948000,0.2636758983749142,0.7470817120622568
1.950000,0.2929732204165713,0.7006942854962996
1.952000,0.3735408560311284,0.7397573815518426
1.954000,0.2465857938506142,0.742198825055314
1.956000,0.25391012436102844,0.7910276951247425
1.958000,0.17090104524299993,0.5957122148470283
1.960000,0.44678416113527125,0.5810635538261998
1.962000,0.2661173418783856,0.6005951018539711
1.964000,0.27100022888532843,0.6982528419928282
1.966000,0.22949568932631417,0.7055771725032426
1.968000,0.21484702830548563,0.6469825284199283
1.970000,0.34180209048599985,0.8374151216906996
1.972000,0.4126039520866712,0.7031357289997711
1.974000,0.2734416723887999,0.639658197909514
1.976000,0.43945983062485694,0.7910276951247425
1.978000,0.251468680857557,0.7861448081177996
1.980000,0.3320363164721141,0.7568474860761425
1.982000,0.4174868390936141,0.776379034103914
1.984000,0.2221713588158999,0.6030365453574426
1.986000,0.3100633249408713,0.7861448081177996
1.988000,0.32227054245822845,0.5761806668192568
1.990000,0.30518043793392846,0.7104600595101854
1.992000,0.44190127412832836,0.8398565651941711
1.994000,0.3637750820172427,0.6469825284199283
1.996000,0.18310826276035705,0.6543068589303426
1.998000,0.2929732204165713,0.7544060425726711
2.000000,0.1684596017395285,0.6884870679789425
2.002000,0.18799114976729991,0.874036774242771
2.004000,0.37598229953459983,0.5859464408331426
2.006000,0.15625238422217136,0.7788204776073854
2.008000,0.44190127412832836,0.7861448081177996
2.010000,0.38086518654154267,0.6176852063782712
2.012000,0.35889219501029984,0.7592889295796139
2.014000,0.354009308003357,0.8691538872358282
2.016000,0.17578393224994276,0.8471808957045853
2.018000,0.4150453955901427,0.7641718165865568
2.020000,0.42236972610055695,0.7495231555657282
2.022000,0.20263981078812848,0.8471808957045853
2.024000,0.3295948729686427,0.656748302433814
2.026000,0.20996414129854277,0.7641718165865568
2.028000,0.4077210650797284,0.7788204776073854
2.030000,0.4150453955901427,0.7129015030136568
2.032000,0.4516670481422141,0.776379034103914
2.034000,0.371099412527657,0.5957122148470283
2.036000,0.40283817807278555,0.8032349126420997
2.038000,0.4516670481422141,0.8300907911802854
2.040000,0.25391012436102844,0.6152437628747998
2.042000,0.2221713588158999,0.6665140764476997
2.044000,0.4443427176317998,0.8325322346837568
2.046000,0.23437857633325704,0.6445410849164569
2.048000,0.41992828259708553,0.7104600595101854
2.050000,0.2221713588158999,0.8593881132219425
2.052000,0.388189517051957,0.6982528419928282
2.054000,0.2734416723887999,0.7495231555657282
2.056000,0.35156786449988553,0.8642710002288854
2.058000,0.38330663004501414,0.8032349126420997
2.060000,0.27832455939574274,0.7470817120622568
2.062000,0.4565499351491569,0.7714961470969711
2.064000,0.26123445487144276,0.7129015030136568
2.066000,0.35156786449988553,0.7934691386282139
2.068000,0.3100633249408713,0.7837033646143282
2.070000,0.24414435034714274,0.6152437628747998
2.072000,0.18310826276035705,0.6274509803921569
2.074000,0.30029755092698557,0.639658197909514
2.076000,0.35889219501029984,0.8422980086976425
2.078000,0.24414435034714274,0.8300907911802854
2.080000,0.35156786449988553,0.861829556725414
2.082000,0.1953154802777142,0.6616311894407568
2.084000,0.31494621194781414,0.7959105821316853
2.086000,0.37842374303807125,0.6201266498817426
2.088000,0.27832455939574274,0.7324330510414282
2.090000,0.4541084916456855,0.6176852063782712
2.092000,0.302738994430457,0.6152437628747998
2.094000,0.32471198596169987,0.6860456244754711
2.096000,0.40527962157625697,0.8349736781872282
2.098000,0.388189517051957,0.7568474860761425
2.100000,0.18310826276035705,0.6445410849164569
2.102000,0.46631570916304266,0.7177843900205997
2.104000,0.36133363851377126,0.8056763561455711
2.106000,0.43945983062485694,0.8422980086976425
2.108000,0.4443427176317998,0.7348744945448997
2.110000,0.31494621194781414,0.8081177996490425
2.112000,0.39795529106584265,0.7055771725032426
2.114000,0.3930724040588998,0.673838406958114
2.116000,0.28076600289921416,0.6005951018539711
2.118000,0.4174868390936141,0.8178835736629282
2.120000,0.302738994430457,0.6591897459372854
2.122000,0.1953154802777142,0.6713969634546425
2.124000,0.35889219501029984,0.822766460669871
2.126000,0.27100022888532843,0.6689555199511711
2.128000,0.31738765545128556,0.8178835736629282
2.130000,0.34180209048599985,0.6982528419928282
2.132000,0.38086518654154267,0.8838025482566567
2.134000,0.2929732204165713,0.6762798504615855
2.136000,0.43945983062485694,0.7714961470969711
2.138000,0.3564507515068284,0.6982528419928282
2.140000,0.4150453955901427,0.8447394522011139
2.142000,0.41992828259708553,0.7226672770275425
2.144000,0.20019836728465706,0.7861448081177996
2.146000,0.4711985961699855,0.8032349126420997
2.148000,0.32471198596169987,0.6518654154268712
2.150000,0.3466849774929427,0.6689555199511711
2.152000,0.4345769436179141,0.6836041809719997
2.154000,0.4736400396734569,0.8422980086976425
2.156000,0.29785610742351415,0.6933699549858854
2.158000,0.29785610742351415,0.7934691386282139
2.160000,0.4565499351491569,0.8691538872358282
2.162000,0.26123445487144276,0.8276493476768139
2.164000,0.336919203479057,0.8838025482566567
2.166000,0.4541084916456855,0.7910276951247425
2.168000,0.19287403677424278,0.6787212939650569
2.170000,0.2661173418783856,0.8374151216906996
2.172000,0.25635156786449986,0.6860456244754711
2.174000,0.285648889906157,0.874036774242771
2.176000,0.42481116960402837,0.673838406958114
2.178000,0.2758831158922713,0.6689555199511711
2.180000,0.4687571526665141,0.673838406958114
2.182000,0.4614328221560998,0.8471808957045853
2.184000,0.21240558480201419,0.7739375906004425
2.186000,0.2490272373540856,0.7153429465171283
2.188000,0.2392614633401999,0.8374151216906996
2.190000,0.4516670481422141,0.6958113984893568
2.192000,0.19775692378118562,0.8276493476768139
2.194000,0.39795529106584265,0.7714961470969711
2.196000,0.3466849774929427,0.7129015030136568
2.198000,0.21728847180895705,0.6250095368886854
2.200000,0.4150453955901427,0.6128023193713283
2.202000,0.28076600289921416,0.6958113984893568
2.204000,0.22705424582284275,0.7617303730830853
2.206000,0.2832074464026856,0.8276493476768139
2.208000,0.3637750820172427,0.7788204776073854
2.210000,0.46387426565957124,0.8032349126420997
2.212000,0.39795529106584265,0.7788204776073854
2.214000,0.20752269779507135,0.6933699549858854
2.216000,0.19043259327077133,0.8374151216906996
2.218000,0.48584725719081406,0.7812619211108568
2.220000,0.27832455939574274,0.7495231555657282
2.222000,0.22705424582284275,0.7617303730830853
2.224000,0.24414435034714274,0.7714961470969711
2.226000,0.30029755092698557,0.7617303730830853
2.228000,0.3906309605554284,0.8252079041733424
2.230000,0.40039673456931413,0.7934691386282139
2.232000,0.22461280231937134,0.8960097657740139
2.234000,0.4077210650797284,0.6250095368886854
2.236000,0.25635156786449986,0.7592889295796139
2.238000,0.22949568932631417,0.9008926527809568
2.240000,0.3271534294651713,0.8447394522011139
2.242000,0.3735408560311284,0.8422980086976425
2.244000,0.3735408560311284,0.861829556725414
2.246000,0.27832455939574274,0.9106584267948424
2.248000,0.44922560463874267,0.7129015030136568
2.250000,0.2392614633401999,0.6445410849164569
2.252000,0.4809643701838712,0.9057755397878996
2.254000,0.3662165255207141,0.6469825284199283
2.256000,0.21240558480201419,0.7104600595101854
2.258000,0.3125047684443427,0.742198825055314
2.260000,0.4126039520866712,0.8545052262149996
2.262000,0.371099412527657,0.8764782177462425
2.264000,0.36133363851377126,0.8862439917601281
2.266000,0.25635156786449986,0.6836041809719997
2.268000,0.2465857938506142,0.7446402685587854
2.270000,0.2905317769130999,0.6787212939650569
2.272000,0.4443427176317998,0.8496223392080567
2.274000,0.4516670481422141,0.7348744945448997
2.276000,0.3271534294651713,0.9008926527809568
2.278000,0.20996414129854277,0.8520637827115282
2.280000,0.285648889906157,0.7714961470969711
2.282000,0.26123445487144276,0.8154421301594568
2.284000,0.2832074464026856,0.6689555199511711
2.286000,0.45899137865262835,0.7592889295796139
2.288000,0.44922560463874267,0.8911268787670711
2.290000,0.3735408560311284,0.6640726329442282
2.292000,0.3320363164721141,0.822766460669871
2.294000,0.4443427176317998,0.9130998702983139
2.296000,0.4882887006942855,0.7714961470969711
2.298000,0.22461280231937134,0.6347753109025711
2.300000,0.371099412527657,0.8764782177462425
2.302000,0.37598229953459983,0.8007934691386283
2.304000,0.3735408560311284,0.7031357289997711
2.306000,0.4370183871213855,0.7348744945448997
2.308000,0.46387426565957124,0.656748302433814
2.310000,0.4907301441977569,0.6372167544060425
2.312000,0.3271534294651713,0.7226672770275425
2.314000,0.3076218814373999,0.622568093385214
2.316000,0.29541466392004273,0.6836041809719997
2.318000,0.4370183871213855,0.7690547035934997
2.320000,0.21972991531242847,0.8886854352635996
2.322000,0.32227054245822845,0.7934691386282139
2.324000,0.336919203479057,0.8349736781872282
2.326000,0.3735408560311284,0.7983520256351568
2.328000,0.38574807354848556,0.6811627374685283
2.330000,0.31494621194781414,0.856946669718471
2.332000,0.47608148317692833,0.7934691386282139
2.334000,0.44678416113527125,0.8642710002288854
2.336000,0.4882887006942855,0.8545052262149996
2.338000,0.2636758983749142,0.8130006866559853
2.340000,0.35889219501029984,0.8789196612497139
2.342000,0.4516670481422141,0.8447394522011139
2.344000,0.4126039520866712,0.8105592431525139
2.346000,0.32471198596169987,0.8886854352635996
2.348000,0.5004959182116426,0.7861448081177996
2.350000,0.2832074464026856,0.8056763561455711
2.352000,0.4101625085831998,0.8178835736629282
2.354000,0.4931715877012284,0.7959105821316853
2.356000,0.2880903334096284,0.7812619211108568
2.358000,0.268558785381857,0.8911268787670711
2.360000,0.25879301136797134,0.6713969634546425
2.362000,0.42481116960402837,0.8349736781872282
2.364000,0.37598229953459983,0.8154421301594568
2.366000,0.5078202487220569,0.9277485313191425
2.368000,0.388189517051957,0.7837033646143282
2.370000,0.3662165255207141,0.6420996414129855
2.372000,0.45899137865262835,0.8984512092774853
2.374000,0.37598229953459983,0.708018616006714
2.376000,0.21240558480201419,0.9106584267948424
2.378000,0.4565499351491569,0.6616311894407568
2.380000,0.2490272373540856,0.8862439917601281
2.382000,0.32471198596169987,0.8593881132219425
2.384000,0.23193713282978562,0.7299916075379568
2.386000,0.21728847180895705,0.6543068589303426
2.388000,0.32227054245822845,0.6347753109025711
2.390000,0.28076600289921416,0.8056763561455711
2.392000,0.4370183871213855,0.7397573815518426
2.394000,0.3442435339894713,0.6665140764476997
2.396000,0.4614328221560998,0.7519645990691997
2.398000,0.3100633249408713,0.9130998702983139
2.400000,0.3930724040588998,0.8032349126420997
2.402000,0.47608148317692833,0.8105592431525139
2.404000,0.285648889906157,0.7299916075379568
2.406000,0.285648889906157,0.822766460669871
2.408000,0.4126039520866712,0.8325322346837568
2.410000,0.4443427176317998,0.7861448081177996
2.412000,0.36865796902418557,0.6884870679789425
2.414000,0.34180209048599985,0.776379034103914
2.416000,0.5127031357289997,0.9033340962844282
2.418000,0.2221713588158999,0.6591897459372854
2.420000,0.24414435034714274,0.7544060425726711
2.422000,0.3125047684443427,0.9155413138017853
2.424000,0.46631570916304266,0.8105592431525139
2.426000,0.3662165255207141,0.7568474860761425
2.428000,0.4931715877012284,0.7934691386282139
2.430000,0.251468680857557,0.8960097657740139
2.432000,0.3442435339894713,0.8642710002288854
2.434000,0.5175860227359427,0.708018616006714
2.436000,0.22949568932631417,0.7788204776073854
2.438000,0.25635156786449986,0.7470817120622568
2.440000,0.32227054245822845,0.9228656443121996
2.442000,0.22705424582284275,0.9228656443121996
2.444000,0.4541084916456855,0.874036774242771
2.446000,0.4541084916456855,0.8667124437323568
2.448000,0.40527962157625697,0.6543068589303426
2.450000,0.23682001983672846,0.8081177996490425
2.452000,0.4321355001144427,0.6811627374685283
2.454000,0.3076218814373999,0.861829556725414
2.456000,0.32227054245822845,0.7470817120622568
2.458000,0.37598229953459983,0.9155413138017853
2.460000,0.5053788052185855,0.9204242008087281
2.462000,0.4809643701838712,0.8130006866559853
2.464000,0.5053788052185855,0.8520637827115282
2.466000,0.31494621194781414,0.9399557488364996
2.468000,0.35156786449988553,0.9253070878156711
2.470000,0.40527962157625697,0.7910276951247425
2.472000,0.2734416723887999,0.861829556725414
2.474000,0.2392614633401999,0.742198825055314
2.476000,0.37598229953459983,0.7104600595101854
2.478000,0.22949568932631417,0.6933699549858854
2.480000,0.388189517051957,0.7373159380483711
2.482000,0.4809643701838712,0.8105592431525139
2.484000,0.3320363164721141,0.6469825284199283
2.486000,0.26123445487144276,0.7324330510414282
2.488000,0.3906309605554284,0.6469825284199283
2.490000,0.4565499351491569,0.6713969634546425
2.492000,0.502937361715114,0.8886854352635996
2.494000,0.2905317769130999,0.7641718165865568
2.496000,0.3637750820172427,0.8813611047531853
2.498000,0.4907301441977569,0.9228656443121996
2.500000,0.3906309605554284,0.8422980086976425
2.502000,0.30518043793392846,0.8325322346837568
2.504000,0.42236972610055695,0.8642710002288854
2.506000,0.5151445792324711,0.8203250171663996
2.508000,0.2734416723887999,0.7544060425726711
2.510000,0.4882887006942855,0.8838025482566567
2.512000,0.4541084916456855,0.9326314183260853
2.514000,0.4736400396734569,0.6836041809719997
2.516000,0.2661173418783856,0.6591897459372854
2.518000,0.5151445792324711,0.7837033646143282
2.520000,0.2929732204165713,0.8422980086976425
2.522000,0.2929732204165713,0.7519645990691997
2.524000,0.4614328221560998,0.8471808957045853
2.526000,0.5200274662394141,0.6982528419928282
2.528000,0.42236972610055695,0.7055771725032426
2.530000,0.36133363851377126,0.6762798504615855
2.532000,0.35156786449988553,0.8813611047531853
2.534000,0.46387426565957124,0.9033340962844282
2.536000,0.44190127412832836,0.776379034103914
2.538000,0.38330663004501414,0.8471808957045853
2.540000,0.26123445487144276,0.7397573815518426
2.542000,0.2905317769130999,0.7251087205310139
2.544000,0.42236972610055695,0.6665140764476997
2.546000,0.5297932402532998,0.7568474860761425
2.548000,0.5297932402532998,0.8154421301594568
2.550000,0.25391012436102844,0.8276493476768139
2.552000,0.36133363851377126,0.7006942854962996
2.554000,0.3564507515068284,0.7031357289997711
2.556000,0.3271534294651713,0.7226672770275425
2.558000,0.25391012436102844,0.7373159380483711
2.560000,0.4174868390936141,0.9155413138017853
2.562000,0.33936064698252844,0.8325322346837568
2.564000,0.5151445792324711,0.8789196612497139
2.566000,0.2465857938506142,0.8960097657740139
2.568000,0.42969405661097126,0.6836041809719997
2.570000,0.27100022888532843,0.8178835736629282
2.572000,0.41992828259708553,0.7910276951247425
2.574000,0.2465857938506142,0.8593881132219425
2.576000,0.5346761272602426,0.7861448081177996
2.578000,0.2636758983749142,0.7641718165865568
2.580000,0.4882887006942855,0.6933699549858854
2.582000,0.5127031357289997,0.8374151216906996
2.584000,0.4541084916456855,0.7177843900205997
2.586000,0.4272526131074998,0.673838406958114
2.588000,0.32471198596169987,0.8300907911802854
2.590000,0.4272526131074998,0.8520637827115282
2.592000,0.4956130312046998,0.8276493476768139
2.594000,0.4370183871213855,0.8349736781872282
2.596000,0.5322346837567712,0.7617303730830853
2.598000,0.25879301136797134,0.861829556725414
2.600000,0.30518043793392846,0.9008926527809568
2.602000,0.4980544747081712,0.7373159380483711
2.604000,0.5102616922255283,0.8105592431525139
2.606000,0.4150453955901427,0.8935683222705425
2.608000,0.251468680857557,0.8838025482566567
2.610000,0.38330663004501414,0.7519645990691997
2.612000,0.3735408560311284,0.8593881132219425
2.614000,0.2734416723887999,0.942397192339971
2.616000,0.25391012436102844,0.7299916075379568
2.618000,0.4736400396734569,0.8276493476768139
2.620000,0.3442435339894713,0.6689555199511711
2.622000,0.5200274662394141,0.8789196612497139
2.624000,0.3295948729686427,0.8984512092774853
2.626000,0.2636758983749142,0.7299916075379568
2.628000,0.32227054245822845,0.8325322346837568
2.630000,0.25635156786449986,0.7104600595101854
2.632000,0.4101625085831998,0.7837033646143282
2.634000,0.38574807354848556,0.9228656443121996
2.636000,0.25635156786449986,0.7934691386282139
2.638000,0.29785610742351415,0.8911268787670711
2.640000,0.35889219501029984,0.7837033646143282
2.642000,0.29785610742351415,0.7788204776073854
2.644000,0.40039673456931413,0.7641718165865568
2.646000,0.3637750820172427,0.8374151216906996
2.648000,0.4614328221560998,0.8081177996490425
2.650000,0.3637750820172427,0.7348744945448997
2.652000,0.5517662317845426,0.7177843900205997
2.654000,0.36133363851377126,0.8081177996490425
2.656000,0.31738765545128556,0.9204242008087281
2.658000,0.5224689097428855,0.8838025482566567
2.660000,0.38330663004501414,0.8838025482566567
2.662000,0.33936064698252844,0.8178835736629282
2.664000,0.3076218814373999,0.8154421301594568
2.666000,0.35156786449988553,0.8007934691386283
2.668000,0.26123445487144276,0.8105592431525139
2.670000,0.3442435339894713,0.7739375906004425
2.672000,0.26123445487144276,0.8398565651941711
2.674000,0.5102616922255283,0.9057755397878996
2.676000,0.4443427176317998,0.8398565651941711
2.678000,0.45899137865262835,0.9692530708781567
2.680000,0.40039673456931413,0.9546044098573282
2.682000,0.46387426565957124,0.8715953307392996
2.684000,0.4785229266803998,0.9472800793469138
2.686000,0.42236972610055695,0.7959105821316853
2.688000,0.371099412527657,0.9155413138017853
2.690000,0.31738765545128556,0.7617303730830853
2.692000,0.28076600289921416,0.7934691386282139
2.694000,0.3564507515068284,0.8081177996490425
2.696000,0.28076600289921416,0.8154421301594568
2.698000,0.4077210650797284,0.7031357289997711
2.700000,0.4956130312046998,0.7202258335240711
2.702000,0.4565499351491569,0.9253070878156711
2.704000,0.38574807354848556,0.7446402685587854
2.706000,0.5175860227359427,0.908216983291371
2.708000,0.35889219501029984,0.7031357289997711
2.710000,0.27832455939574274,0.7495231555657282
2.712000,0.4150453955901427,0.8056763561455711
2.714000,0.4345769436179141,0.8300907911802854
2.716000,0.537117570763714,0.8081177996490425
2.718000,0.3271534294651713,0.8520637827115282
2.720000,0.5346761272602426,0.8447394522011139
2.722000,0.4443427176317998,0.742198825055314
2.724000,0.4516670481422141,0.8178835736629282
2.726000,0.5053788052185855,0.776379034103914
2.728000,0.4370183871213855,0.8422980086976425
2.730000,0.46631570916304266,0.9716945143816281
2.732000,0.30518043793392846,0.7714961470969711
2.734000,0.2758831158922713,0.6860456244754711
2.736000,0.38330663004501414,0.7275501640344854
2.738000,0.319829098954757,0.8715953307392996
2.740000,0.27100022888532843,0.9570458533607996
2.742000,0.4956130312046998,0.9448386358434424
2.744000,0.37598229953459983,0.8349736781872282
2.746000,0.4370183871213855,0.8081177996490425
2.748000,0.5053788052185855,0.7373159380483711
2.750000,0.33936064698252844,0.8471808957045853
2.752000,0.36865796902418557,0.8984512092774853
2.754000,0.40039673456931413,0.9155413138017853
2.756000,0.4101625085831998,0.7031357289997711
2.758000,0.42481116960402837,0.9668116273746853
2.760000,0.40527962157625697,0.8813611047531853
2.762000,0.33447775997558554,0.7666132600900283
2.764000,0.5004959182116426,0.9887846189059282
2.766000,0.3930724040588998,0.7568474860761425
2.768000,0.3271534294651713,0.942397192339971
2.770000,0.4101625085831998,0.8862439917601281
2.772000,0.2758831158922713,0.788586251621271
2.774000,0.319829098954757,0.9863431754024568
2.776000,0.571297779812314,0.8471808957045853
2.778000,0.5273517967498283,0.7129015030136568
2.780000,0.4370183871213855,0.9497215228503852
2.782000,0.4785229266803998,0.8154421301594568
2.784000,0.4516670481422141,0.9057755397878996
2.786000,0.4785229266803998,0.7788204776073854
2.788000,0.5322346837567712,0.8789196612497139
2.790000,0.40283817807278555,0.8886854352635996
2.792000,0.5346761272602426,0.856946669718471
2.794000,0.3125047684443427,0.742198825055314
2.796000,0.37598229953459983,0.8813611047531853
2.798000,0.5493247882810712,0.7983520256351568
2.800000,0.4077210650797284,0.8886854352635996
2.802000,0.27832455939574274,0.7568474860761425
2.804000,0.43945983062485694,0.9668116273746853
2.806000,0.5200274662394141,0.7641718165865568
2.808000,0.5102616922255283,0.8838025482566567
2.810000,0.354009308003357,0.7617303730830853
2.812000,0.35156786449988553,0.856946669718471
2.814000,0.502937361715114,0.9448386358434424
2.816000,0.2880903334096284,0.9277485313191425
2.818000,0.5664148928053712,0.7397573815518426
2.820000,0.27832455939574274,0.9570458533607996
2.822000,0.4809643701838712,0.8105592431525139
2.824000,0.40039673456931413,0.9301899748226139
2.826000,0.3076218814373999,0.976577401388571
2.828000,0.388189517051957,0.9521629663538567
2.830000,0.5249103532463569,0.9326314183260853
2.832000,0.34180209048599985,0.8935683222705425
2.834000,0.5151445792324711,0.8911268787670711
2.836000,0.502937361715114,0.8496223392080567
2.838000,0.40039673456931413,0.9204242008087281
2.840000,0.4321355001144427,0.9204242008087281
2.842000,0.371099412527657,0.8813611047531853
2.844000,0.5468833447775998,0.8422980086976425
2.846000,0.5224689097428855,0.9839017318989852
2.848000,0.4077210650797284,0.9619287403677425
2.850000,0.4541084916456855,0.9130998702983139
2.852000,0.5688563363088426,0.9326314183260853
2.854000,0.4345769436179141,0.8593881132219425
2.856000,0.29541466392004273,0.8911268787670711
2.858000,0.4126039520866712,0.9472800793469138
2.860000,0.3662165255207141,0.8789196612497139
2.862000,0.4565499351491569,0.8374151216906996
2.864000,0.5639734493018997,0.9204242008087281
2.866000,0.40283817807278555,0.8154421301594568
2.868000,0.4785229266803998,0.7739375906004425
2.870000,0.5175860227359427,0.7617303730830853
2.872000,0.38574807354848556,0.8691538872358282
2.874000,0.319829098954757,0.708018616006714
2.876000,0.3906309605554284,0.7812619211108568
2.878000,0.3906309605554284,0.8447394522011139
2.880000,0.5566491187914855,0.9399557488364996
2.882000,0.41992828259708553,0.8252079041733424
2.884000,0.5053788052185855,0.8935683222705425
2.886000,0.39795529106584265,0.7202258335240711
2.888000,0.33447775997558554,0.7666132600900283
2.890000,0.32471198596169987,0.7470817120622568
2.892000,0.4150453955901427,0.7251087205310139
2.894000,0.5200274662394141,0.9521629663538567
2.896000,0.43945983062485694,0.8691538872358282
2.898000,0.32471198596169987,0.9570458533607996
2.900000,0.3491264209964141,0.8642710002288854
2.902000,0.5786221103227284,0.959487296864271
2.904000,0.5517662317845426,0.8691538872358282
2.906000,0.44922560463874267,0.7861448081177996
2.908000,0.41992828259708553,0.9301899748226139
2.910000,0.3125047684443427,0.8935683222705425
2.912000,0.30518043793392846,0.7251087205310139
2.914000,0.3466849774929427,0.9106584267948424
2.916000,0.3564507515068284,0.9985503929198138
2.918000,0.5468833447775998,0.8398565651941711
2.920000,0.4565499351491569,0.8178835736629282
2.922000,0.537117570763714,0.7739375906004425
2.924000,0.3100633249408713,0.9448386358434424
2.926000,0.3442435339894713,0.9716945143816281
2.928000,0.34180209048599985,0.8691538872358282
2.930000,0.5566491187914855,0.856946669718471
2.932000,0.371099412527657,0.7299916075379568
2.934000,0.3295948729686427,0.8349736781872282
2.936000,0.3271534294651713,1.0009918364232853
2.938000,0.5957122148470283,0.7714961470969711
2.940000,0.5493247882810712,0.7324330510414282
2.942000,0.5346761272602426,0.7568474860761425
2.944000,0.5468833447775998,1.0131990539406424
2.946000,0.3100633249408713,0.7153429465171283
2.948000,0.3637750820172427,0.9033340962844282
2.950000,0.5053788052185855,0.9228656443121996
2.952000,0.42236972610055695,0.9399557488364996
2.954000,0.5346761272602426,0.8398565651941711
2.956000,0.39795529106584265,0.8691538872358282
2.958000,0.4956130312046998,0.7592889295796139
2.960000,0.4785229266803998,0.9912260624093996
2.962000,0.37598229953459983,0.9619287403677425
2.964000,0.4711985961699855,0.9643701838712139
2.966000,0.46631570916304266,0.7739375906004425
2.968000,0.4345769436179141,0.976577401388571
2.970000,0.4980544747081712,0.9277485313191425
2.972000,0.35889219501029984,0.9155413138017853
2.974000,0.4541084916456855,0.8252079041733424
2.976000,0.4931715877012284,0.9448386358434424
2.978000,0.5835049973296712,0.993667505912871
2.980000,0.4370183871213855,0.942397192339971
2.982000,0.5420004577706569,0.8325322346837568
2.984000,0.4126039520866712,0.9619287403677425
2.986000,0.30518043793392846,0.7592889295796139
2.988000,0.39795529106584265,0.8178835736629282
2.990000,0.40039673456931413,0.9253070878156711
2.992000,0.5737392233157854,0.9301899748226139
2.994000,0.4541084916456855,0.8325322346837568
2.996000,0.5493247882810712,0.7446402685587854
2.998000,0.537117570763714,1.0180819409475852
3.000000,0.5151445792324711,0.7446402685587854
3.002000,0.388189517051957,0.9277485313191425
3.004000,0.6030365453574426,0.788586251621271
3.006000,0.4150453955901427,0.742198825055314
3.008000,0.37842374303807125,0.7837033646143282
3.010000,0.43945983062485694,1.005874723430228
3.012000,0.46631570916304266,0.9350728618295567
3.014000,0.3735408560311284,0.8960097657740139
3.016000,0.4321355001144427,0.9521629663538567
3.018000,0.3295948729686427,0.9668116273746853
3.020000,0.6005951018539711,0.8935683222705425
3.022000,0.41992828259708553,0.7519645990691997
3.024000,0.4711985961699855,0.9253070878156711
3.026000,0.45899137865262835,0.9375143053330282
3.028000,0.47608148317692833,0.8300907911802854
3.030000,0.4272526131074998,0.776379034103914
3.032000,0.3320363164721141,0.7837033646143282
3.034000,0.39795529106584265,0.7544060425726711
3.036000,0.5102616922255283,0.9448386358434424
3.038000,0.5053788052185855,0.9155413138017853
3.040000,0.5639734493018997,0.7348744945448997
3.042000,0.5420004577706569,0.9277485313191425
3.044000,0.6079194323643854,0.7812619211108568
3.046000,0.3662165255207141,0.993667505912871
3.048000,0.6030365453574426,0.9033340962844282
3.050000,0.388189517051957,0.993667505912871
3.052000,0.36865796902418557,0.9814602883955138
3.054000,0.371099412527657,0.8691538872358282
3.056000,0.4443427176317998,0.8471808957045853
3.058000,0.5590905622949569,0.8545052262149996
3.060000,0.3930724040588998,0.8667124437323568
3.062000,0.37842374303807125,0.9057755397878996
3.064000,0.37598229953459983,0.9130998702983139
3.066000,0.5542076752880141,0.9985503929198138
3.068000,0.4785229266803998,0.8667124437323568
3.070000,0.5615320057984283,1.0083161669336995
3.072000,0.32471198596169987,0.9350728618295567
3.074000,0.5590905622949569,0.9399557488364996
3.076000,0.388189517051957,0.7739375906004425
3.078000,0.3271534294651713,0.8691538872358282
3.080000,0.5761806668192568,0.7519645990691997
3.082000,0.4565499351491569,0.9887846189059282
3.084000,0.5346761272602426,0.7568474860761425
3.086000,0.4101625085831998,0.874036774242771
3.088000,0.5786221103227284,0.7959105821316853
3.090000,0.5151445792324711,0.7666132600900283
3.092000,0.41992828259708553,0.8886854352635996
3.094000,0.3735408560311284,0.9326314183260853
3.096000,0.35156786449988553,0.8813611047531853
3.098000,0.48340581368734264,0.7641718165865568
3.100000,0.5761806668192568,1.0156404974441138
3.102000,0.4687571526665141,0.8471808957045853
3.104000,0.5664148928053712,0.8520637827115282
3.106000,0.35156786449988553,0.9350728618295567
3.108000,0.5127031357289997,0.9839017318989852
3.110000,0.4174868390936141,1.022964827954528
3.112000,0.4174868390936141,0.9668116273746853
3.114000,0.4077210650797284,0.8081177996490425
3.116000,0.4077210650797284,0.874036774242771
3.118000,0.44678416113527125,0.822766460669871
3.120000,0.4882887006942855,0.8154421301594568
3.122000,0.588387884336614,0.8715953307392996
3.124000,0.336919203479057,1.005874723430228
3.126000,0.44190127412832836,0.8374151216906996
3.128000,0.3906309605554284,0.9716945143816281
3.130000,0.605477988860914,0.9619287403677425
3.132000,0.5493247882810712,1.0424963759822996
3.134000,0.4565499351491569,1.0131990539406424
3.136000,0.5102616922255283,0.7934691386282139
3.138000,0.5737392233157854,0.8105592431525139
3.140000,0.44678416113527125,0.9643701838712139
3.142000,0.5395590142671854,0.9204242008087281
3.144000,0.622568093385214,0.7470817120622568
3.146000,0.6103608758678569,0.9204242008087281
3.148000,0.46387426565957124,0.874036774242771
3.150000,0.4345769436179141,0.9277485313191425
3.152000,0.5078202487220569,0.874036774242771
3.154000,0.3320363164721141,0.7788204776073854
3.156000,0.5078202487220569,0.8203250171663996
3.158000,0.36133363851377126,0.7592889295796139
3.160000,0.4443427176317998,0.8056763561455711
3.162000,0.33936064698252844,1.0131990539406424
3.164000,0.4077210650797284,0.976577401388571
3.166000,0.5004959182116426,0.7544060425726711
3.168000,0.40039673456931413,1.0009918364232853
3.170000,0.5859464408331426,0.7812619211108568
3.172000,0.5420004577706569,0.9619287403677425
3.174000,0.3466849774929427,0.776379034103914
3.176000,0.6005951018539711,1.0278477149614709
3.178000,0.4345769436179141,0.8960097657740139
3.180000,0.5566491187914855,0.9814602883955138
3.182000,0.3735408560311284,0.9619287403677425
3.184000,0.4931715877012284,0.8789196612497139
3.186000,0.40283817807278555,0.9961089494163424
3.188000,0.3637750820172427,0.9130998702983139
3.190000,0.5615320057984283,1.0009918364232853
3.192000,0.588387884336614,0.8349736781872282
3.194000,0.5004959182116426,0.942397192339971
3.196000,0.44190127412832836,0.9375143053330282
3.198000,0.6250095368886854,0.9692530708781567
3.200000,0.605477988860914,1.0473792629892424
3.202000,0.5346761272602426,0.7617303730830853
3.204000,0.5127031357289997,1.0009918364232853
3.206000,0.4370183871213855,0.9741359578850995
3.208000,0.4882887006942855,0.8813611047531853
3.210000,0.33936064698252844,0.9228656443121996
3.212000,0.502937361715114,0.9033340962844282
3.214000,0.6103608758678569,0.8545052262149996
3.216000,0.41992828259708553,0.9741359578850995
3.218000,0.4516670481422141,0.8545052262149996
3.220000,0.502937361715114,1.0547035934996567
3.222000,0.6079194323643854,0.822766460669871
3.224000,0.4150453955901427,0.8471808957045853
3.226000,0.5981536583504997,0.7934691386282139
3.228000,0.605477988860914,0.8276493476768139
3.230000,0.605477988860914,0.9228656443121996
3.232000,0.4126039520866712,1.0424963759822996
3.234000,0.4736400396734569,0.9839017318989852
3.236000,0.3466849774929427,0.8886854352635996
3.238000,0.5542076752880141,0.8545052262149996
3.240000,0.5420004577706569,0.8130006866559853
3.242000,0.388189517051957,0.8911268787670711
3.244000,0.39795529106584265,1.0376134889753568
3.246000,0.6420996414129855,1.0034332799267567
3.248000,0.3906309605554284,0.9350728618295567
3.250000,0.622568093385214,0.8813611047531853
3.252000,0.6005951018539711,0.7934691386282139
3.254000,0.42481116960402837,0.8398565651941711
3.256000,0.5444419012741283,0.8642710002288854
3.258000,0.6420996414129855,0.9130998702983139
3.260000,0.5322346837567712,0.9301899748226139
3.262000,0.5542076752880141,0.9350728618295567
3.264000,0.4321355001144427,1.0278477149614709
3.266000,0.6445410849164569,0.7861448081177996
3.268000,0.6030365453574426,0.822766460669871
3.270000,0.4907301441977569,0.8130006866559853
3.272000,0.5395590142671854,0.9619287403677425
3.274000,0.5395590142671854,1.0083161669336995
3.276000,0.6103608758678569,0.9570458533607996
3.278000,0.6079194323643854,1.0547035934996567
3.280000,0.6250095368886854,0.7714961470969711
3.282000,0.35889219501029984,1.0254062714579995
3.284000,0.605477988860914,0.9716945143816281
3.286000,0.5737392233157854,0.9350728618295567
3.288000,0.5175860227359427,0.8422980086976425
3.290000,0.5420004577706569,1.062027924010071
3.292000,0.41992828259708553,1.0156404974441138
3.294000,0.6372167544060425,0.8862439917601281
3.296000,0.4980544747081712,0.9839017318989852
3.298000,0.5908293278400855,1.0131990539406424
